date,TweetId,Tweet,created_at,location
2020-12-15  21:46,1338690093113077765,RT @angnickelodeon: twitter users with 150-350 followers are the backbone of society,2020-12-15 03:39:24,everywhere
2020-12-15  21:46,1338602685105377282,@yaryoush_ @BeshoyMaximus1 the way you both won ğŸ’™,2020-12-14 21:52:04,everywhere
2020-12-15  21:46,1337110460416536576,Thereâ€™s more! Weâ€™ll also be testing sharing Tweets to IG Stories to a small % so keep an eye out,2020-12-10 19:02:30,everywhere
2020-12-15  21:46,1337095441968754690,"Oh snap! ğŸ‘»

Sharing Tweets directly to your Snapchat Stories is now easier than ever. Rolling out today on iOS! https://t.co/0LIHQhmCKu",2020-12-10 18:02:50,everywhere
2020-12-15  21:46,1336350876051582978,@levantinepali a stamp of approval https://t.co/uQvb8sxjCw,2020-12-08 16:44:11,everywhere
2020-12-15  21:46,1334542969530183683,2020 in one word,2020-12-03 17:00:13,everywhere
2020-12-15  21:46,1334540220642041862,@Astro_AJC this is what cuffing season means to us,2020-12-03 16:49:17,everywhere
2020-12-15  21:46,1334540220591648770,@un3asyy 2 is also cute,2020-12-03 16:49:17,everywhere
2020-12-15  21:46,1333921747691769856,@DeePeeArts you're all amazing,2020-12-01 23:51:42,everywhere
2020-12-15  21:46,1329561340596391936,RT @shesooosaddity: if you had a twitter before 2020 rt this,2020-11-19 23:05:00,everywhere
2020-12-15  21:46,1329217044391342082,@CloudNaii 40404,2020-11-19 00:16:53,everywhere
2020-12-15  21:46,1329216472711827458,@issahairplug drink water replaced good morning,2020-11-19 00:14:37,everywhere
2020-12-15  21:46,1329107688916135936,@Ne_ThatGuy we're taking oomf to the Fleets,2020-11-18 17:02:21,everywhere
2020-12-15  21:46,1329104797727940612,"@_JusJust_ remember ""I dedicate my 500th Tweet to:____""",2020-11-18 16:50:52,everywhere
2020-12-15  21:46,1329104643062902788,@ambr_ncole they're tourists,2020-11-18 16:50:15,everywhere
2020-12-15  21:46,1329101613940797441,@PhallonXOXO proof you're doing it right ğŸ˜Œ,2020-11-18 16:38:12,everywhere
2020-12-15  21:46,1328838299419627525,"some of you hating...

but we see you Fleeting ğŸ§",2020-11-17 23:11:53,everywhere
2020-12-15  21:46,1328684389388185600,"That thing you didnâ€™t Tweet but wanted to but didnâ€™t but got so close but then were like nah. 

We have a place forâ€¦ https://t.co/7JE9o0zAAq",2020-11-17 13:00:18,everywhere
2020-12-15  21:46,1328426768009736192,@quakerraina this is art,2020-11-16 19:56:37,everywhere
2020-12-15  21:46,1328411214351831044,@tsm560 aren't we all six feet,2020-11-16 18:54:48,everywhere
2020-12-15  21:46,1328411086308200449,@muharikah this Tweet just graduated with honors,2020-11-16 18:54:18,everywhere
2020-12-15  21:46,1328091011436982272,"@badgirIkiki saw it, love it, can't wait for the wedding pics ğŸ¥º",2020-11-15 21:42:26,everywhere
2020-12-15  21:46,1327102544942870528,RT @theDapperilla: https://t.co/vAQvG5H74u,2020-11-13 04:14:37,everywhere
2020-12-15  21:46,1323314485705297926,breathe,2020-11-02 17:22:14,everywhere
2020-12-15  21:46,1323305871728906241,@sexyvamplre apology accepted,2020-11-02 16:48:00,everywhere
2020-12-15  21:46,1320826934079705088,@DaReal2ET H2ğŸŒ‘,2020-10-26 20:37:35,everywhere
2020-12-15  21:46,1320825824879255556,@Theghostgaming_ THIRSTY,2020-10-26 20:33:11,everywhere
2020-12-15  21:46,1320825326407196672,@AndrewJacklin looking hydrated,2020-10-26 20:31:12,everywhere
2020-12-15  21:46,1320825326365265920,@litcapital the moon will share,2020-10-26 20:31:12,everywhere
2020-12-15  21:46,1320824522166120449,@dog_vegano bark among the stars,2020-10-26 20:28:00,everywhere
2020-12-15  21:46,1320824397184274439,@Sliim_sadie rubber ducky knew all along,2020-10-26 20:27:30,everywhere
2020-12-15  21:46,1320822556614676480,If the moon can hydrate so can you,2020-10-26 20:20:11,everywhere
2020-12-15  21:46,1319006269785755648,"Reading an article before Retweeting it? Thatâ€™s growth.

Before you Retweet an article, weâ€™ll remind you to read itâ€¦ https://t.co/3h0ZSICDTr",2020-10-21 20:02:55,everywhere
2020-12-15  21:46,1318900658217648128,"Hey everyone, we made a temporary change to the Retweet function. 

When you hit the Retweet button, you can eitherâ€¦ https://t.co/UvOp2XIiOs",2020-10-21 13:03:15,everywhere
2020-12-15  21:46,1318645661475180546,RT @lestheprez: Me seeing my Twitter friends Iâ€™ve never met in person succeed. https://t.co/z5enOTgULc,2020-10-20 20:09:59,everywhere
2020-12-15  21:46,1317227243064774658,RT @virafied: https://t.co/nA63eHXgx1,2020-10-16 22:13:42,everywhere
2020-12-15  21:46,1315777146355417089,@lunancts dedication,2020-10-12 22:11:32,everywhere
2020-12-15  21:46,1315670626175258630,@starheal not a single person on this app,2020-10-12 15:08:15,everywhere
2020-12-15  21:46,1314675188290772992,@couribruv but was it a good Tweet?,2020-10-09 21:12:45,everywhere
2020-12-15  21:46,1314674165186789379,@wowimnothere checks out,2020-10-09 21:08:41,everywhere
2020-12-15  21:46,1314358633921236995,@KaiDavisPoet you forgot one: ğŸ˜‚,2020-10-09 00:14:52,everywhere
2020-12-15  21:46,1314353837994463232,@ImBrittanyEvans mutual acknowledgment of good Tweets is friendship,2020-10-08 23:55:49,everywhere
2020-12-15  21:46,1314353837780750337,@SharjeelKd https://t.co/TMDtvGOtMn,2020-10-08 23:55:49,everywhere
2020-12-15  21:46,1313584258905186305,@_micawave how it started          it never ended we get it,2020-10-06 20:57:47,everywhere
2020-12-15  21:46,1313544965339918339,@issataiii just make sure your DMs are open,2020-10-06 18:21:38,everywhere
2020-12-15  21:46,1310999500962648065,@__missxbri that was a classic,2020-09-29 17:46:52,everywhere
2020-12-15  21:46,1310999384524558337,@emmahekel no don't stop,2020-09-29 17:46:25,everywhere
2020-12-15  21:46,1310999384457457664,@desh0la strangers to bffs on Twitter real quick,2020-09-29 17:46:25,everywhere
2020-12-15  21:46,1308815533052133382,@DjNickeysM cool cool cool cool cool,2020-09-23 17:08:34,everywhere
2020-12-15  21:46,1308815413959159808,@ashleymr1993 sign our mask,2020-09-23 17:08:05,everywhere
2020-12-15  21:46,1308815313388089347,@Danteezus that's real in our book,2020-09-23 17:07:41,everywhere
2020-12-15  21:46,1308809650897387520,@rsg worth taking the L tbh,2020-09-23 16:45:11,everywhere
2020-12-15  21:46,1308528275992580096,@rsg ğŸ‘€ğŸ˜· https://t.co/s2hsQvbrIF,2020-09-22 22:07:06,everywhere
2020-12-15  21:46,1308525417666621440,@ashleymr1993 ğŸ‘€ğŸ˜· https://t.co/dEsfiXDjDY,2020-09-22 21:55:45,everywhere
2020-12-15  21:46,1308523886401728513,@DjNickeysM ğŸ‘€ğŸ˜· https://t.co/YxY4w98ekT,2020-09-22 21:49:40,everywhere
2020-12-15  21:46,1308519347019755520,RT @ezrabutler: This is one way to retweet me. https://t.co/pp4FEHRdYv,2020-09-22 21:31:38,everywhere
2020-12-15  21:46,1308519252798906370,"@alexmella24 Dan Ryan Expressway in Chicago, north of Cermak!",2020-09-22 21:31:15,everywhere
2020-12-15  21:46,1308518546821898240,@alexmella24 confirming really real,2020-09-22 21:28:27,everywhere
2020-12-15  21:46,1308502159458148352,@fruitydyke ğŸ‘€ğŸ˜· https://t.co/lpPZI3HxkS,2020-09-22 20:23:20,everywhere
2020-12-15  21:46,1308501486385557505,@sylveeoncutie ğŸ‘€ğŸ˜· https://t.co/P1vTOKd2Bm,2020-09-22 20:20:39,everywhere
2020-12-15  21:46,1308500974500102144,@stefaniwhylie ğŸ‘€ğŸ˜· https://t.co/s6UVLVjrKl,2020-09-22 20:18:37,everywhere
2020-12-15  21:46,1308500576779476993,@AveryKJones ğŸ‘€ğŸ˜· https://t.co/ZJtSfhPoPo,2020-09-22 20:17:02,everywhere
2020-12-15  21:46,1308498836210569216,@TheRealMrMint it's pretty simple we're not asking you to wear pants,2020-09-22 20:10:07,everywhere
2020-12-15  21:46,1308497329113227264,@grovymango narrator: it was not a mockup,2020-09-22 20:04:08,everywhere
2020-12-15  21:46,1308482670205325313,@leoncbrunson oh.............it's real,2020-09-22 19:05:53,everywhere
2020-12-15  21:46,1308475139214909440,@m_spiceo ğŸ‘€ğŸ˜· https://t.co/i0ukLnEF87,2020-09-22 18:35:58,everywhere
2020-12-15  21:46,1308452566494113792,@lolstiz ğŸ‘€ğŸ˜· https://t.co/Z02LtJz35n,2020-09-22 17:06:16,everywhere
2020-12-15  21:46,1308450698548244481,@grovymango ğŸ‘€ğŸ˜· https://t.co/fNxzfVHEEF,2020-09-22 16:58:51,everywhere
2020-12-15  21:46,1308446014668288000,@anniedolo ğŸ‘€ğŸ˜· https://t.co/tCtRydIx5S,2020-09-22 16:40:14,everywhere
2020-12-15  21:46,1308445399993155585,@adityamsharma ğŸ‘€ğŸ˜· https://t.co/N9B85XH5uu,2020-09-22 16:37:47,everywhere
2020-12-15  21:46,1308445263988576256,@Khetlymmm ğŸ‘€ğŸ˜· https://t.co/wRDdqx9hN0,2020-09-22 16:37:15,everywhere
2020-12-15  21:46,1308444488914927617,@ezrabutler ğŸ‘€ğŸ˜· https://t.co/t0bzyBmTGb,2020-09-22 16:34:10,everywhere
2020-12-15  21:46,1308444269137424385,@SalemJakes ğŸ‘€ğŸ˜· https://t.co/xyZFTV32yZ,2020-09-22 16:33:18,everywhere
2020-12-15  21:46,1308425975659720706,@ULTRAGLOSS ğŸ‘€ğŸ˜· https://t.co/CzGQuDc8nR,2020-09-22 15:20:36,everywhere
2020-12-15  21:46,1308425726165749760,@AmandaDuberman ğŸ‘€ğŸ˜· https://t.co/8JFZgqbfcE,2020-09-22 15:19:37,everywhere
2020-12-15  21:46,1308422469653585922,@yayeetmybeets ğŸ‘€ğŸ˜· https://t.co/2YR6PV1tr2,2020-09-22 15:06:40,everywhere
2020-12-15  21:46,1308421803975626760,@SmoothBrothaB ğŸ‘€ğŸ˜· https://t.co/c4cqW754Tm,2020-09-22 15:04:02,everywhere
2020-12-15  21:46,1308421607233380353,@SirohiyaSatvik ğŸ‘€ğŸ˜· https://t.co/jlm5HHPAad,2020-09-22 15:03:15,everywhere
2020-12-15  21:46,1308419350169292808,@LizzieShaneAK ğŸ‘€ğŸ˜· https://t.co/6ApaaV0Ol1,2020-09-22 14:54:16,everywhere
2020-12-15  21:46,1308418409705635844,@iSmashFizzle ğŸ‘€ğŸ˜· https://t.co/SKYItmKI5N,2020-09-22 14:50:32,everywhere
2020-12-15  21:46,1308416244136239105,@dariel_loyal ğŸ‘€ğŸ˜· https://t.co/fUgbfbjt6x,2020-09-22 14:41:56,everywhere
2020-12-15  21:46,1308415387592257541,@allikaiter ğŸ‘€ğŸ˜· https://t.co/xGi7alFzSD,2020-09-22 14:38:32,everywhere
2020-12-15  21:46,1308414707708170243,@alexmella24 ğŸ‘€ğŸ˜· https://t.co/2wYQNYVde6,2020-09-22 14:35:50,everywhere
2020-12-15  21:46,1308157870308044800,@_carla_soto ğŸ‘€ğŸ˜· https://t.co/fwmJpCudcN,2020-09-21 21:35:15,everywhere
2020-12-15  21:46,1308157692922474498,@TheCatWhisprer ğŸ‘€ğŸ˜· https://t.co/wjdqlB2ij9,2020-09-21 21:34:33,everywhere
2020-12-15  21:46,1308152781585494016,@WhatAreYouHaiku ğŸ‘€ğŸ˜· https://t.co/2Z7yHuMbUq,2020-09-21 21:15:02,everywhere
2020-12-15  21:46,1308132903830925313,"The only thing we want going viral is this Tweet

#WearAMask",2020-09-21 19:56:02,everywhere
2020-12-15  21:46,1308123224325021696,@maresknj ğŸ‘€ğŸ˜· https://t.co/dlLEUZ9Ohu,2020-09-21 19:17:35,everywhere
2020-12-15  21:46,1308122424601264129,@Krmrtweets ğŸ‘€ğŸ˜· https://t.co/l3VdKZ0tHl,2020-09-21 19:14:24,everywhere
2020-12-15  21:46,1308112098312859649,@imkikosuarez ğŸ‘€ğŸ˜· https://t.co/AoehyFCR87,2020-09-21 18:33:22,everywhere
2020-12-15  21:46,1308110439302139904,@SchulteSophie ğŸ‘€ğŸ˜· https://t.co/H6l5JTZXSG,2020-09-21 18:26:46,everywhere
2020-12-15  21:46,1308110006487625728,@umm_ahaha as real as 2020,2020-09-21 18:25:03,everywhere
2020-12-15  21:46,1308109512910331904,@vincentegunlae ğŸ‘€ğŸ˜· https://t.co/5tat75IP6A,2020-09-21 18:23:06,everywhere
2020-12-15  21:46,1308108765045030912,@MJWFilms ğŸ‘€ğŸ˜· https://t.co/gFPWVV31O5,2020-09-21 18:20:07,everywhere
2020-12-15  21:46,1308104673749094400,"ğŸ“ Chicago
ğŸ˜· @idkdenice https://t.co/h947Nl1hNr",2020-09-21 18:03:52,everywhere
2020-12-15  21:46,1308104668124508161,"ğŸ“ New York City
ğŸ˜· @TaraSlone https://t.co/sHJBNlsSHb",2020-09-21 18:03:50,everywhere
2020-12-15  21:46,1308104662189572097,"ğŸ“ Seattle
ğŸ˜· @lightstairs_ https://t.co/6YLI0erzl2",2020-09-21 18:03:49,everywhere
2020-12-15  21:46,1308104655201853440,"ğŸ“Miami
ğŸ˜· @CaitlinDineen https://t.co/mzMoNVg87D",2020-09-21 18:03:47,everywhere
2020-12-15  21:46,1308104649262747649,"ğŸ“ Los Angeles
ğŸ˜· @24tog https://t.co/b9x2UsoH7l",2020-09-21 18:03:46,everywhere
2020-12-15  21:46,1308104642384015372,"ğŸ“ New Jersey
ğŸ˜· @umm_ahaha https://t.co/TzQF0FUHC6",2020-09-21 18:03:44,everywhere
2020-12-15  21:46,1308097376322633729,@umm_ahaha ğŸ‘€ğŸ˜· https://t.co/PSfaGNXQkI,2020-09-21 17:34:52,everywhere
2020-12-15  21:46,1308093707493675008,@chapstick247 ğŸ‘€ğŸ˜· https://t.co/RjZdsJlDZh,2020-09-21 17:20:17,everywhere
2020-12-15  21:46,1308093031082418178,@MadHerries ğŸ‘€ğŸ˜· https://t.co/fgWwa5yw5X,2020-09-21 17:17:36,everywhere
2020-12-15  21:46,1308092726710280192,@elvenarcher0106 ğŸ‘€ğŸ˜· https://t.co/Mi9OqUTqyc,2020-09-21 17:16:23,everywhere
2020-12-15  21:46,1308092224442306561,@dezidoesit ğŸ‘€ğŸ˜· https://t.co/WRlOtKJWmL,2020-09-21 17:14:24,everywhere
2020-12-15  21:46,1308092133530832899,@katsully90 ğŸ‘€ğŸ˜· https://t.co/vbNcdfzVdh,2020-09-21 17:14:02,everywhere
2020-12-15  21:46,1308089294708334594,@blakekimball ğŸ‘€ğŸ˜· https://t.co/jiO0Ejis7H,2020-09-21 17:02:45,everywhere
2020-12-15  21:46,1308089252002004992,@jillboard ğŸ‘€ğŸ˜· https://t.co/jDODbQ9Hll,2020-09-21 17:02:35,everywhere
2020-12-15  21:46,1308088807082913792,@dhstark_ ğŸ‘€ğŸ˜· https://t.co/IgGU8Tb2mx,2020-09-21 17:00:49,everywhere
2020-12-15  21:46,1308088615264636929,@morgs_wrld ğŸ‘€ğŸ˜· https://t.co/YRLQZmbCul,2020-09-21 17:00:03,everywhere
2020-12-15  21:46,1308088265447178242,@theresballz ğŸ‘€ğŸ˜· https://t.co/9rIBMcA2TJ,2020-09-21 16:58:40,everywhere
2020-12-15  21:46,1308087656589348864,@markseyelashes ğŸ‘€ğŸ˜· https://t.co/6GS7OfoLC5,2020-09-21 16:56:15,everywhere
2020-12-15  21:46,1308087364355526658,@Deccatori ğŸ‘€ğŸ˜· https://t.co/tWMzboWCJh,2020-09-21 16:55:05,everywhere
2020-12-15  21:46,1308086910129070080,@TheProfessorDi ğŸ‘€ğŸ˜· https://t.co/fCy4IxwDiL,2020-09-21 16:53:17,everywhere
2020-12-15  21:46,1308086120954114049,@TaraSlone ğŸ‘€ğŸ˜· https://t.co/MLJelZRUXI,2020-09-21 16:50:08,everywhere
2020-12-15  21:46,1308085043068203014,@ColonelFalafel ğŸ‘€ğŸ˜· https://t.co/w9bwMRUXiY,2020-09-21 16:45:51,everywhere
2020-12-15  21:46,1308062396922163201,@lightstairs_ ğŸ‘€ğŸ˜· https://t.co/kUXxSWd7oA,2020-09-21 15:15:52,everywhere
2020-12-15  21:46,1308053203150401536,@endocrimes Hudson Yards in NYC!,2020-09-21 14:39:20,everywhere
2020-12-15  21:46,1308049923292704772,@pashh14 ğŸ‘€ğŸ˜· https://t.co/H01c9qIy7Z,2020-09-21 14:26:18,everywhere
2020-12-15  21:46,1308045556057595910,@endocrimes ğŸ‘€ğŸ˜· https://t.co/gWVh8lAloH,2020-09-21 14:08:57,everywhere
2020-12-15  21:46,1308033315157561344,@CaitlinDineen ğŸ˜˜ğŸ˜·,2020-09-21 13:20:19,everywhere
2020-12-15  21:46,1308026686097760256,@24tog ğŸ‘€ğŸ˜· https://t.co/LDVsGogkO8,2020-09-21 12:53:58,everywhere
2020-12-15  21:46,1308024910313385985,@CaitlinDineen ğŸ‘€ğŸ˜· https://t.co/NPXsZvkam5,2020-09-21 12:46:55,everywhere
2020-12-15  21:46,1308020793062940679,@TeamBryGuy ğŸ‘€ğŸ˜· https://t.co/263lPf7MoI,2020-09-21 12:30:33,everywhere
2020-12-15  21:46,1308020108875489286,@BrettCohenShow ğŸ‘€ğŸ˜· https://t.co/3IcSzHoIHM,2020-09-21 12:27:50,everywhere
2020-12-15  21:46,1308019436268421130,@idkdenice ğŸ‘€ğŸ˜· https://t.co/9ZILUNWHtj,2020-09-21 12:25:10,everywhere
2020-12-15  21:46,1308018598783463424,@txnya_m ğŸ‘€ğŸ˜· https://t.co/1DUb4kDCJy,2020-09-21 12:21:50,everywhere
2020-12-15  21:46,1307019576195133440,@charlidamelio same,2020-09-18 18:12:04,everywhere
2020-12-15  21:46,1305984601287020544,@neon_nuisance you deserve the happiness,2020-09-15 21:39:27,everywhere
2020-12-15  21:46,1305630960403337216,Paul Rudd must want an edit button,2020-09-14 22:14:13,everywhere
2020-12-15  21:46,1305530577077104640,@blndls this is the one,2020-09-14 15:35:19,everywhere
2020-12-15  21:46,1305529861835030531,@theniptunes the best profiles look like this https://t.co/zFsuBIrmil,2020-09-14 15:32:29,everywhere
2020-12-15  21:46,1305529732033847298,@seungminavocado are you streaming back door from your stream back door,2020-09-14 15:31:58,everywhere
2020-12-15  21:46,1305529420803866624,@monipersona Twitter For Brain notifications were turned on,2020-09-14 15:30:44,everywhere
2020-12-15  21:46,1305529266013196288,@AshNicholsArt either works for us,2020-09-14 15:30:07,everywhere
2020-12-15  21:46,1304210453753667586,@beerfiend69 model behavior,2020-09-11 00:09:37,everywhere
2020-12-15  21:46,1304192092063838208,@Reapsii we support this,2020-09-10 22:56:40,everywhere
2020-12-15  21:46,1304190282137829381,@sydlarge18 accepting your acceptance,2020-09-10 22:49:28,everywhere
2020-12-15  21:46,1303872681394221056,@CriminalCosta see you soon!,2020-09-10 01:47:26,everywhere
2020-12-15  21:46,1303480831801950209,@gnuman1979 looks fun though,2020-09-08 23:50:22,everywhere
2020-12-15  21:46,1303480345401217031,"@thetzechun this room says, let's pop off",2020-09-08 23:48:26,everywhere
2020-12-15  21:46,1303479746999844864,@treydayway wholesome,2020-09-08 23:46:03,everywhere
2020-12-15  21:46,1303457146944868354,@STALLIMINAJ different is good,2020-09-08 22:16:15,everywhere
2020-12-15  21:46,1303452553141727233,@LizMaupin there's a gap in the market for an account that does this and only this,2020-09-08 21:58:00,everywhere
2020-12-15  21:46,1302671947310923776,"RT @TBrown_80: Follow your heart, kids. https://t.co/1VVoVybWsg",2020-09-06 18:16:09,everywhere
2020-12-15  21:46,1301932802653458435,@simplysnipes model student,2020-09-04 17:19:03,everywhere
2020-12-15  21:46,1301932324456730626,@RmetropolisO obsessed,2020-09-04 17:17:09,everywhere
2020-12-15  21:46,1301931367819882496,@pauzazuetaz cute sticker ğŸ˜‰,2020-09-04 17:13:21,everywhere
2020-12-15  21:46,1301931114521653251,@satwilite thanking you now because it's just that good,2020-09-04 17:12:21,everywhere
2020-12-15  21:46,1301931000587522048,@walker33828 look at that dark mode. gorgeous,2020-09-04 17:11:53,everywhere
2020-12-15  21:46,1301928967679733760,@mahafuz_16 thinking outside the box,2020-09-04 17:03:49,everywhere
2020-12-15  21:46,1301928667241680899,@AsimRiazTeam__ Perfection,2020-09-04 17:02:37,everywhere
2020-12-15  21:46,1301927001012477955,@redwithgold it's ok we don't either. THANK YOU!,2020-09-04 16:56:00,everywhere
2020-12-15  21:46,1301926541593640965,@BravinYuri the message is right where it needs to be,2020-09-04 16:54:10,everywhere
2020-12-15  21:46,1301925855300595713,@ogbeni_ceejay you're the best,2020-09-04 16:51:27,everywhere
2020-12-15  21:46,1301924992939106317,@kellymonster25 love the hustle,2020-09-04 16:48:01,everywhere
2020-12-15  21:46,1301924740832034819,@kellymonster25 thanks for following directions,2020-09-04 16:47:01,everywhere
2020-12-15  21:46,1301915811720974337,"PLEASE WEAR A MASK

...also if someone can screenshot this and post it on IG that would be great",2020-09-04 16:11:32,everywhere
2020-12-15  21:46,1301640564392288258,@RealOldPaul A+,2020-09-03 21:57:48,everywhere
2020-12-15  21:46,1301181544011378689,Well that didn't work https://t.co/AS3o3Hh4Vq,2020-09-02 15:33:49,everywhere
2020-12-15  21:46,1300942135156527108,"@goodbeanaltalt replying to Tweets, you?",2020-09-01 23:42:30,everywhere
2020-12-15  21:46,1300941290738266115,@goodbeanaltalt @hotpockets happy for you and hot pockets,2020-09-01 23:39:08,everywhere
2020-12-15  21:46,1300796803978276864,@AC_Roald sorry it felt right in the moment,2020-09-01 14:05:00,everywhere
2020-12-15  21:46,1300792689751977985,"@AC_Roald oops we did it again
https://t.co/y38jQMFBk0",2020-09-01 13:48:39,everywhere
2020-12-15  21:46,1300792391432122368,@veedrasroom if level 8 was quicksand what's 9?,2020-09-01 13:47:28,everywhere
2020-12-15  21:46,1300790679174631425,@owenlang_ that's how time works,2020-09-01 13:40:40,everywhere
2020-12-15  21:46,1300790535309979655,@laucastrillon yes,2020-09-01 13:40:05,everywhere
2020-12-15  21:46,1300789304390807558,@brintrevised exactly,2020-09-01 13:35:12,everywhere
2020-12-15  21:46,1300789051742707718,@Life_Sleepyhead with a positive,2020-09-01 13:34:12,everywhere
2020-12-15  21:46,1300788708275257350,@usopen Love,2020-09-01 13:32:50,everywhere
2020-12-15  21:46,1300788447284736000,@Vraxooo a very warm welcome,2020-09-01 13:31:47,everywhere
2020-12-15  21:46,1300788447200845837,@tavoncooke truly thrilling,2020-09-01 13:31:47,everywhere
2020-12-15  21:46,1300788447125307392,@domainechambord you're our new favorite chateau,2020-09-01 13:31:47,everywhere
2020-12-15  21:46,1300788227092213760,@DatDustyy october doesn't own spooky,2020-09-01 13:30:55,everywhere
2020-12-15  21:46,1300786381023842307,@roooossshhiiiii okay!,2020-09-01 13:23:35,everywhere
2020-12-15  21:46,1300785842655551488,@Vinivinci95 can we ignore that part,2020-09-01 13:21:26,everywhere
2020-12-15  21:46,1300781950991585285,Oh look another month,2020-09-01 13:05:59,everywhere
2020-12-15  21:46,1300554631618220032,"Three thingsâ€”

1. ""Retweets with comments"" is changing to ""Quote Tweets""

2. Quote Tweets will appear right next toâ€¦ https://t.co/UjeP0A6qFP",2020-08-31 22:02:41,everywhere
2020-12-15  21:46,1300551105424830468,@BaraStrycova hi there,2020-08-31 21:48:41,everywhere
2020-12-15  21:46,1300550998860214272,@coffeetan needed that big stretch,2020-08-31 21:48:15,everywhere
2020-12-15  21:46,1300550938646675457,@Hammyinmiami mutuals is short for mutual weirdness,2020-08-31 21:48:01,everywhere
2020-12-15  21:46,1300509506921787393,@heonbf makes sense!,2020-08-31 19:03:23,everywhere
2020-12-15  21:46,1300509506686705665,"@NLiddle16 you got a performance, mention, AND follow in one day you really won",2020-08-31 19:03:23,everywhere
2020-12-15  21:46,1300498474174218248,@denzeldion yes,2020-08-31 18:19:32,everywhere
2020-12-15  21:46,1300469605559918592,@S_S_R_717 73% of september is SUMMER,2020-08-31 16:24:50,everywhere
2020-12-15  21:46,1299808792322940928,"Most liked Tweet ever.  

A tribute fit for a King. 

#WakandaForever https://t.co/lpyzmnIVoP",2020-08-29 20:39:00,everywhere
2020-12-15  21:46,1299067794005336066,@MeCookieMonster sending you cookie https://t.co/vq3bRKV5IW,2020-08-27 19:34:32,everywhere
2020-12-15  21:46,1299061683646849024,@niquotein this Tweet is best,2020-08-27 19:10:15,everywhere
2020-12-15  21:46,1298990894192791554,@JulieDiCaro which table are you at,2020-08-27 14:28:57,everywhere
2020-12-15  21:46,1298990894180311040,@NextTo_Ecstasy you good,2020-08-27 14:28:57,everywhere
2020-12-15  21:46,1298990894062870531,@racailleux the thing is he'd probably react the same scrolling by your Tweet,2020-08-27 14:28:57,everywhere
2020-12-15  21:46,1298990763653525504,@georgebacon_ but Twitter followers breaking a mutual is kinda sad,2020-08-27 14:28:26,everywhere
2020-12-15  21:46,1298697815842009089,"@sidharthsbae correct, we love this",2020-08-26 19:04:22,everywhere
2020-12-15  21:46,1298696951874060289,@TheGodJihyoStan applying for low maintenance mutuals,2020-08-26 19:00:56,everywhere
2020-12-15  21:46,1298696879392395264,@ElliottBlackwe3 been sitting here debating between 2 and 4 for a few minutes,2020-08-26 19:00:39,everywhere
2020-12-15  21:46,1293265466836705280,@OscarTheGrouch love?,2020-08-11 19:18:09,everywhere
2020-12-15  21:46,1293264711618686976,@OscarTheGrouch edit button?,2020-08-11 19:15:09,everywhere
2020-12-15  21:46,1293263551667138561,@OscarTheGrouch pineapple on pizza?,2020-08-11 19:10:33,everywhere
2020-12-15  21:46,1293261106408910849,"hey @OscarTheGrouch, what do you think of 2020?",2020-08-11 19:00:50,everywhere
2020-12-15  21:46,1293239745695211520,"We tested, you Tweeted, and now weâ€™re rolling it out to everyone! https://t.co/w6Q3Q6DiKz",2020-08-11 17:35:57,everywhere
2020-12-15  21:46,1288832480351358979,@busralcinar @NASA and we love you to Mars and back https://t.co/z421PPY8yk,2020-07-30 13:43:03,everywhere
2020-12-15  21:46,1288831841219358720,@octaviaspencer Need more adrenaline? https://t.co/h4XHILTeh5,2020-07-30 13:40:30,everywhere
2020-12-15  21:46,1288831481847017473,@astrotoya @solarrsystem uh of course https://t.co/uHUIlg18kB,2020-07-30 13:39:05,everywhere
2020-12-15  21:46,1288830635264454658,@NASAPersevere @NASA Send pics and check in often... we can make this work!,2020-07-30 13:35:43,everywhere
2020-12-15  21:46,1288824380319870977,@RocketJoy you've got the right stuff https://t.co/2yzNZnDPIc,2020-07-30 13:10:52,everywhere
2020-12-15  21:46,1288821749451067392,@Kaz82ba Go you! https://t.co/vbs1L5sgEA,2020-07-30 13:00:24,everywhere
2020-12-15  21:46,1288821154543624192,@solarrsystem this will keep you awake https://t.co/v4YPvjKN9K,2020-07-30 12:58:03,everywhere
2020-12-15  21:46,1288818663491919873,@Arshita_Singh31 let's blast https://t.co/xsSWee7BSV,2020-07-30 12:48:09,everywhere
2020-12-15  21:46,1288817664270295043,@AsherPlangnan You're up https://t.co/9SdkfgYLvB,2020-07-30 12:44:10,everywhere
2020-12-15  21:46,1288816989679415297,@mariannemaexcxc bring BTS to the Martians https://t.co/zYecBWOlMU,2020-07-30 12:41:30,everywhere
2020-12-15  21:46,1288815794885820417,"@ThisMarcelo13 Gaga says, suit up, Little Monsters https://t.co/hM3em2JnVk",2020-07-30 12:36:45,everywhere
2020-12-15  21:46,1288815049448906754,@kaitlynnraecook let us know if there's... life on Mars https://t.co/GgWN4L1HN6,2020-07-30 12:33:47,everywhere
2020-12-15  21:46,1288814711945879552,@niaorea you can sleep on the flight https://t.co/aNEpn2WMMg,2020-07-30 12:32:27,everywhere
2020-12-15  21:46,1288812516064129024,"@NASA @NASAPersevere On second thought, seven months is a long time and we kinda just met, but can we keep in touch?",2020-07-30 12:23:43,everywhere
2020-12-15  21:46,1288803768784412673,@AstroJaws @maejemison @NASAPersevere Excited to watch with you this time...and maybe watch you liftoff next time?,2020-07-30 11:48:57,everywhere
2020-12-15  21:46,1288800725888196608,@NASA @NASAPersevere Got enough of those jokes to last seven months?,2020-07-30 11:36:52,everywhere
2020-12-15  21:46,1288797737958350848,@maejemison @AstroJaws how does earth coffee compare to space coffee,2020-07-30 11:25:00,everywhere
2020-12-15  21:46,1288795943446274048,@NASA @NASAPersevere Is it a window or an aisle? We can't ride middle for that long,2020-07-30 11:17:52,everywhere
2020-12-15  21:46,1288793107341795329,@LadyBoss502 you taking? https://t.co/Mq4yQqXfvu,2020-07-30 11:06:36,everywhere
2020-12-15  21:46,1288789234984222724,"Take us with you, @NASAPersevere",2020-07-30 10:51:12,everywhere
2020-12-15  21:46,1288787327066583040,@AnannyaUberoi The girl who went for a tea break and never came back https://t.co/lj7N1lOkIi,2020-07-30 10:43:37,everywhere
2020-12-15  21:46,1288786740820316161,@RajaMali00 You're welcome. Goodbye. #CountdownToMars https://t.co/vD36jKMinO,2020-07-30 10:41:18,everywhere
2020-12-15  21:46,1288785724406456321,@JaalaLeisW blast off https://t.co/zGc4tVZ4Fa,2020-07-30 10:37:15,everywhere
2020-12-15  21:46,1288784780914384897,"@wambugu_254 where we're going, we don't need that https://t.co/Wi0U8o7lhD",2020-07-30 10:33:30,everywhere
2020-12-15  21:46,1288782571812225024,"@_shadab16 Okay, hope you like Mars https://t.co/vOnoDAa2xk",2020-07-30 10:24:44,everywhere
2020-12-15  21:46,1288608965945942017,@NASAPersevere how long do we have to decide?,2020-07-29 22:54:53,everywhere
2020-12-15  21:46,1288601643400007680,@TheHarshitGaur Ready for space with that vocab #CountdownToMars https://t.co/tIF58923Rr,2020-07-29 22:25:47,everywhere
2020-12-15  21:46,1288601547853586432,@ShellmithMutho1 New profile pic is your boarding pass #CountdownToMars https://t.co/LZbCwAjnyM,2020-07-29 22:25:24,everywhere
2020-12-15  21:46,1288600885241581568,"@iamdrumil You're in, first mission: change profile https://t.co/dG54Ja8UdZ",2020-07-29 22:22:46,everywhere
2020-12-15  21:46,1288600772196929542,@Mx_Gabichi Sing us to the sky https://t.co/l0rGuKALwh,2020-07-29 22:22:19,everywhere
2020-12-15  21:46,1288593968821702656,@MsRachel77 A brisk -81 degrees https://t.co/tG2beEwXM1,2020-07-29 21:55:17,everywhere
2020-12-15  21:46,1288593273854992385,"@tugbabodrumlu Yes, you over there #CountdownToMars https://t.co/KaARmRLxpt",2020-07-29 21:52:32,everywhere
2020-12-15  21:46,1288592927355101184,@oxygenpony hands must remain in the rocket at all times https://t.co/FYkD5qMwlp,2020-07-29 21:51:09,everywhere
2020-12-15  21:46,1288592337765949440,@CRGP_ weeeeeeeee #CountdownToMars https://t.co/jPLwEXzZcx,2020-07-29 21:48:48,everywhere
2020-12-15  21:46,1288591907656892418,@Dezzanavarro Here's your profile pic and your space suit https://t.co/jVOLljHUam,2020-07-29 21:47:06,everywhere
2020-12-15  21:46,1288591168863735808,@NikoRainbow1 legends only on Mars https://t.co/ulSxZwq1aX,2020-07-29 21:44:10,everywhere
2020-12-15  21:46,1288590217809551361,"@anilyangin as loud as you want, there's literally no one else on Mars...maybe? https://t.co/GX2rdHv4D0",2020-07-29 21:40:23,everywhere
2020-12-15  21:46,1288588029775446018,@giovanna_takai heard rocket science 101 is a good starting point,2020-07-29 21:31:41,everywhere
2020-12-15  21:46,1288587941489434624,@eaglescat1 you're now in orbit https://t.co/JkLkKYB2Gp,2020-07-29 21:31:20,everywhere
2020-12-15  21:46,1288587247835463680,@Alex__Duggan You've been selected #CountdownToMars https://t.co/cPUIK3SuLw,2020-07-29 21:28:35,everywhere
2020-12-15  21:46,1288585701357809664,@beebee_78 byeeeee #CountdownToMars https://t.co/EBVwDsudH6,2020-07-29 21:22:26,everywhere
2020-12-15  21:46,1288585360931344384,@t0m1n4t0r13 Change your profile pic on the way out https://t.co/TIx7vxhVj9,2020-07-29 21:21:05,everywhere
2020-12-15  21:46,1288583265910022144,@Halderankita1 you're off this rock https://t.co/HrB0P3fohd,2020-07-29 21:12:45,everywhere
2020-12-15  21:46,1288582234144792578,@maejemison get meow of here #CountdownToMars https://t.co/lHnybxFc6U,2020-07-29 21:08:39,everywhere
2020-12-15  21:46,1288580921965178880,@dhiya_kussial suited up and ready for launch https://t.co/cDRMsxBIDi,2020-07-29 21:03:27,everywhere
2020-12-15  21:46,1288580095217606656,@sbartelt fasten your seatbelt and update your profile pic https://t.co/BQ9ytJzhJY,2020-07-29 21:00:10,everywhere
2020-12-15  21:46,1288579771530539008,"@jay_virdee Shoot for the moon, land in Mars https://t.co/eOjEK7vRGI",2020-07-29 20:58:52,everywhere
2020-12-15  21:46,1288578781137911808,"@SymplyMma Mars is closer, you'll like it there https://t.co/11BTKn9Geu",2020-07-29 20:54:56,everywhere
2020-12-15  21:46,1288578383559790592,@ncgriz02 This guy's going to Mars https://t.co/NmmgCw7fwj,2020-07-29 20:53:21,everywhere
2020-12-15  21:46,1288578016075890688,@emmalinejsmith Okay now you're ready https://t.co/krlkXFG5RX,2020-07-29 20:51:54,everywhere
2020-12-15  21:46,1288577662483496960,@iiiiiitsabi Mars... haha jk... unless https://t.co/SbS6EkP8F1,2020-07-29 20:50:30,everywhere
2020-12-15  21:46,1288577185578496000,@AstroJaws We made you this vision board #CountdownToMars https://t.co/8ihZ8B4AW2,2020-07-29 20:48:36,everywhere
2020-12-15  21:46,1288576616767950850,@SynStyxx because you asked nicely https://t.co/R5h6kekt7k,2020-07-29 20:46:20,everywhere
2020-12-15  21:46,1288574064462712832,@RegeneratedArts we saved you a seat and made you a new profile pic let's goooooo https://t.co/J80eCjBjEF,2020-07-29 20:36:12,everywhere
2020-12-15  21:46,1288572475941335040,@MichellCClark Mars population: you https://t.co/X9oKTsFzFt,2020-07-29 20:29:53,everywhere
2020-12-15  21:46,1288569999624269825,@arron_crascall errrm done https://t.co/ne4Q4jtjJ9,2020-07-29 20:20:03,everywhere
2020-12-15  21:46,1288569376325513216,@giovanna_takai okay but first make this your profile pic https://t.co/jyJFkF3v67,2020-07-29 20:17:34,everywhere
2020-12-15  21:46,1288568393507803138,@oba000000000 How does Mars sound https://t.co/CVUE4cUrd5,2020-07-29 20:13:40,everywhere
2020-12-15  21:46,1288567484681871365,@awesleyrogers go for launch #CountdownToMars https://t.co/u0EDuNoOEY,2020-07-29 20:10:03,everywhere
2020-12-15  21:46,1288564637269659650,"@HappyLozza Not sure about the seaside, but Mars checks most of those boxes https://t.co/mrvrtdUCVU",2020-07-29 19:58:44,everywhere
2020-12-15  21:46,1288564381333118976,"@OmopoBimbo Pack your bags, we leave tomorrow #CountdownToMars https://t.co/sLRz2oZs6H",2020-07-29 19:57:43,everywhere
2020-12-15  21:46,1288554760430329856,Who wants to be transported off this planet?,2020-07-29 19:19:29,everywhere
2020-12-15  21:46,1288540609310056450,Like for liftoff! #CountdownToMars https://t.co/yLe331pHfY,2020-07-29 18:23:15,everywhere
2020-12-15  21:46,1283528227814858754,RT @TwitterSupport: You may be unable to Tweet or reset your password while we review and address this incident.,2020-07-15 22:25:50,everywhere
2020-12-15  21:46,1283504558753415168,"Slide into those DMs without clicking away from your timeline.

Rolling out on web. https://t.co/BdaeYoyPu2",2020-07-15 20:51:47,everywhere
2020-12-15  21:46,1278763679421431809,You can have an edit button when everyone wears a mask,2020-07-02 18:53:14,everywhere
2020-12-15  21:46,1278399031937507331,@NASASocial this was the good news,2020-07-01 18:44:15,everywhere
2020-12-15  21:46,1278377260685430784,@ChefSZN_ we don't like this game,2020-07-01 17:17:44,everywhere
2020-12-15  21:46,1278350270519533574,@ericgagliardi_ :/,2020-07-01 15:30:29,everywhere
2020-12-15  21:46,1278350246263783424,@im_balamurugan only six more months,2020-07-01 15:30:23,everywhere
2020-12-15  21:46,1278347468690915330,"Good news and bad news: 

2020 is half over",2020-07-01 15:19:21,everywhere
2020-12-15  21:46,1274087695145332736,"ğŸ“ Oakland
ğŸ—£ï¸ @YoliZama https://t.co/lcGDLzAJIn",2020-06-19 21:12:32,everywhere
2020-12-15  21:46,1274087694105075714,"ğŸ“ New York City
ğŸ—£ï¸ @Afrikkana95 https://t.co/tEfs27p7xu",2020-06-19 21:12:32,everywhere
2020-12-15  21:46,1274087692003770368,"ğŸ“ Chicago
ğŸ—£ï¸ @JoshuaKissi https://t.co/ZeD3XvJUbX",2020-06-19 21:12:31,everywhere
2020-12-15  21:46,1274087690758090752,"ğŸ“ Philadelphia
ğŸ—£ï¸ @Imani_Barbarin https://t.co/ZRDUipsu38",2020-06-19 21:12:31,everywhere
2020-12-15  21:46,1274087689487134720,"ğŸ“ Louisville
ğŸ—£ï¸ @itsbarrrrett https://t.co/Vk4vDeuAqb",2020-06-19 21:12:31,everywhere
2020-12-15  21:46,1274087688321200128,"ğŸ“ Atlanta
ğŸ—£ï¸ @BerniceKing https://t.co/83upyVnwIS",2020-06-19 21:12:30,everywhere
2020-12-15  21:46,1274087687469715457,"ğŸ“ Minneapolis
ğŸ—£ï¸ @FredTJoseph https://t.co/lNTOkyguG1",2020-06-19 21:12:30,everywhere
2020-12-15  21:46,1274034244700930049,"RT @Blackbirds: Juneteenth is a celebration. Itâ€™s about our freedom. And within that freedom is our joy.

#BlackJoy is a form of resistanceâ€¦",2020-06-19 17:40:09,everywhere
2020-12-15  21:46,1274025734990897152,"RT @TwitterTogether: Juneteenth represents freedom, emancipation, and liberation.

To celebrate #Juneteenth is to know Black history. It'sâ€¦",2020-06-19 17:06:20,everywhere
2020-12-15  21:46,1273956655122853888,https://t.co/dW21f1XQvy,2020-06-19 12:31:50,everywhere
2020-12-15  21:46,1273956122962132994,"Today is #JuneteenthÂ 

Weâ€™re honored to have @opalayo, one of the three Black women who co-foundedâ€¦ https://t.co/ZUwfrqWKQJ",2020-06-19 12:29:43,everywhere
2020-12-15  21:46,1273786972440592384,@maialanai blessed,2020-06-19 01:17:34,everywhere
2020-12-15  21:46,1273727663123898371,"Add new voices and conversations to your Timeline using Lists.

You can now:
ğŸ‘‰ make a List
ğŸ‘‰ discover new Lists
ğŸ‘‰ fâ€¦ https://t.co/CiASssTFRj",2020-06-18 21:21:54,everywhere
2020-12-15  21:46,1273313100570284040,Tweets with audio are rolling out on iOS and we only have one thing to say about it https://t.co/CZvQC1fo1W,2020-06-17 17:54:34,everywhere
2020-12-15  21:46,1273306563994845185,"You can Tweet a Tweet. But now you can Tweet your voice!

Rolling out today on iOS, you can now record and Tweet wiâ€¦ https://t.co/gW143natTs",2020-06-17 17:28:36,everywhere
2020-12-15  21:46,1271096187559567360,stay loud,2020-06-11 15:05:21,everywhere
2020-12-15  21:46,1270830360482451458,"RT @Blackbirds: There's power in healing.
There's power in our voices.
There's power in our platforms.

We've curated ""Thread of Threads: #â€¦",2020-06-10 21:29:03,everywhere
2020-12-15  21:46,1270451820951994368,"RT @jack: Both Twitter and Square are making #Juneteenth (June 19th) a company holiday in the US, forevermore. A day for celebration, educaâ€¦",2020-06-09 20:24:52,everywhere
2020-12-15  21:46,1270128705835335680,"RT @TwitterOpen: We are bold.
We are brave.
We are empowered.

We are #AlwaysProud https://t.co/LVq2ZQLWS0",2020-06-08 23:00:55,everywhere
2020-12-15  21:46,1267609278497591298,"RT @Blackbirds: If you find yourself in need of help, here is a collection of resources and advice designed to support your mental health.â€¦",2020-06-02 00:09:37,everywhere
2020-12-15  21:46,1267108867307196416,"RT @TwitterSupport: To follow whatâ€™s happening in real time, tap the âœ¨ located at the top right of your Home timeline to change from seeingâ€¦",2020-05-31 15:01:10,everywhere
2020-12-15  21:46,1266769869900591109,"RT @TwitterTogether: Racism does not adhere to social distancing.

Amid the already growing fear and uncertainty around the pandemic, thisâ€¦",2020-05-30 16:34:07,everywhere
2020-12-15  21:46,1265324480517361664,@_AishaDiallo drafts are called drafts for a reason,2020-05-26 16:50:39,everywhere
2020-12-15  21:46,1265324352414908416,@myrabenitez30 what about idaho?,2020-05-26 16:50:08,everywhere
2020-12-15  21:46,1263926741774581761,@RaychJackson well actually,2020-05-22 20:16:32,everywhere
2020-12-15  21:46,1263915760088424450,@bertybrates yes https://t.co/O8yEs5RSRF,2020-05-22 19:32:54,everywhere
2020-12-15  21:46,1263912985686409217,"@BrandyLJensen no shortcuts in life, no shortcuts on Twitter",2020-05-22 19:21:52,everywhere
2020-12-15  21:46,1263224930314915842,@NASA it's a date,2020-05-20 21:47:47,everywhere
2020-12-15  21:46,1263221535935995904,"@NASA sooo, Mars? ğŸ¥ºğŸ‘‰ğŸ‘ˆ",2020-05-20 21:34:18,everywhere
2020-12-15  21:46,1263217915266043908,@NASA how's the wifi up there and also what's your favorite space snack?,2020-05-20 21:19:55,everywhere
2020-12-15  21:46,1263214802786230279,@NASA Tweeting from earth. what's up with you,2020-05-20 21:07:33,everywhere
2020-12-15  21:46,1263213348000325633,u up? @NASA,2020-05-20 21:01:46,everywhere
2020-12-15  21:46,1263203262968344576,Reply if thereâ€™s a better app,2020-05-20 20:21:41,everywhere
2020-12-15  21:46,1263145271946551300,"Testing, testing...

A new way to have a convo with exactly who you want. Weâ€™re starting with a small % globally, sâ€¦ https://t.co/gnXTkZVB7A",2020-05-20 16:31:15,everywhere
2020-12-15  21:46,1262845003828727809,@GraceSpelman well this is better,2020-05-19 20:38:06,everywhere
2020-12-15  21:46,1262522004005105665,@wildflowersafi Harry said timeline takeover,2020-05-18 23:14:36,everywhere
2020-12-15  21:46,1262521671505768448,@LAOnAir felt this,2020-05-18 23:13:17,everywhere
2020-12-15  21:46,1262491463583178757,@ChariseSowells no international fees,2020-05-18 21:13:15,everywhere
2020-12-15  21:46,1262490625536077826,@alexisscorner correct,2020-05-18 21:09:55,everywhere
2020-12-15  21:46,1261448566226247680,@murdeeezy love that book,2020-05-16 00:09:09,everywhere
2020-12-15  21:46,1260369480418504706,@debusscherelea wine corks,2020-05-13 00:41:15,everywhere
2020-12-15  21:46,1260353726537236485,@coplimited how generous,2020-05-12 23:38:39,everywhere
2020-12-15  21:46,1260351779478425609,@JWeber988 big pour.,2020-05-12 23:30:55,everywhere
2020-12-15  21:46,1260350069074690051,@JAPAMAN01 and the mind,2020-05-12 23:24:07,everywhere
2020-12-15  21:46,1260349584347365382,@TamudaBianca she gets it,2020-05-12 23:22:11,everywhere
2020-12-15  21:46,1260349584259383302,@LeBrawnGainz only envelope wine,2020-05-12 23:22:11,everywhere
2020-12-15  21:46,1260348737764888577,@chadfelixg goes to my head,2020-05-12 23:18:49,everywhere
2020-12-15  21:46,1260346405325082625,@WineOperator we're going to need some more wine,2020-05-12 23:09:33,everywhere
2020-12-15  21:46,1260345901329121280,@gguksbubbletea case closed,2020-05-12 23:07:33,everywhere
2020-12-15  21:46,1260343709251637248,@29planets perfect pairing,2020-05-12 22:58:50,everywhere
2020-12-15  21:46,1260343023705231360,@FIameEmperor whatever gets you through the day,2020-05-12 22:56:07,everywhere
2020-12-15  21:46,1260341763539185669,@Seas0nal_ dinner,2020-05-12 22:51:07,everywhere
2020-12-15  21:46,1260341763392356355,@Bubiboy44 https://t.co/APZW2ti4wX,2020-05-12 22:51:07,everywhere
2020-12-15  21:46,1260341763291611137,@jared_brecher just house wine,2020-05-12 22:51:07,everywhere
2020-12-15  21:46,1260339660892639233,wine.,2020-05-12 22:42:45,everywhere
2020-12-15  21:46,1260294888811347969,"Donâ€™t miss the Tweets about your Tweet. 

Now on iOS, you can see Retweets with comments all in one place. https://t.co/oanjZfzC6y",2020-05-12 19:44:51,everywhere
2020-12-15  21:46,1259527991882850304,@franky_kilungu she's always right,2020-05-10 16:57:28,everywhere
2020-12-15  21:46,1259516898632437762,@dnatural04 https://t.co/fAXDdbahjT,2020-05-10 16:13:23,everywhere
2020-12-15  21:46,1259512496735617025,@mayankchat moms everywhere: do it right the first time,2020-05-10 15:55:54,everywhere
2020-12-15  21:46,1259512271237152769,@dripdripwayne lots and lots of Tweets,2020-05-10 15:55:00,everywhere
2020-12-15  21:46,1259512160801239043,"@AkrabalrGiremez still celebrating it -  love, Twitter",2020-05-10 15:54:34,everywhere
2020-12-15  21:46,1259512160708943877,@em_ple even the hornets have moms,2020-05-10 15:54:34,everywhere
2020-12-15  21:46,1259511562705997829,@YinLane_ wow she's gonna love that,2020-05-10 15:52:11,everywhere
2020-12-15  21:46,1259509697486430209,@Crime_MMA not father's day!,2020-05-10 15:44:47,everywhere
2020-12-15  21:46,1259509181364789248,@Life_SleepyHead thank you,2020-05-10 15:42:44,everywhere
2020-12-15  21:46,1259509181352161280,@haydencbarnes truth recognizes truth,2020-05-10 15:42:44,everywhere
2020-12-15  21:46,1259506098345820160,@GlowZhan We had to deliver for the moms,2020-05-10 15:30:28,everywhere
2020-12-15  21:46,1259505888802385921,@chairmanwuntumi cuz she said so,2020-05-10 15:29:39,everywhere
2020-12-15  21:46,1259505239482392578,@its_menieb cited and referenced,2020-05-10 15:27:04,everywhere
2020-12-15  21:46,1259503143483772928,Nothing can cancel Mother's Day.,2020-05-10 15:18:44,everywhere
2020-12-15  21:46,1259494289530335235,@ethguk when first mom says no come to Twitter,2020-05-10 14:43:33,everywhere
2020-12-15  21:46,1259488731779694593,@PaluCreeper2n she birthed talent,2020-05-10 14:21:28,everywhere
2020-12-15  21:46,1259484650931707906,@lazyguytm bother bother bother bother bother bother bother,2020-05-10 14:05:15,everywhere
2020-12-15  21:46,1259484586775633922,@vmiwn will consider,2020-05-10 14:05:00,everywhere
2020-12-15  21:46,1259482807988113408,@IiasIut mom fancam incoming to prove it,2020-05-10 13:57:56,everywhere
2020-12-15  21:46,1259475654464192512,@gguksbubbletea that you know of ğŸ‘€,2020-05-10 13:29:30,everywhere
2020-12-15  21:46,1259474066764947457,@fcbsiaaaa you're a gift every day,2020-05-10 13:23:12,everywhere
2020-12-15  21:46,1259472902384205824,@astonsmith_says do what she says! it's mother's day!,2020-05-10 13:18:34,everywhere
2020-12-15  21:46,1259472902279311361,@Pwidycynty ANOTHER WINNER,2020-05-10 13:18:34,everywhere
2020-12-15  21:46,1259472290082967552,@NotDecus anyone who's ever taught us anything,2020-05-10 13:16:08,everywhere
2020-12-15  21:46,1259468787679744000,"Mom Tweets are the best Tweets
https://t.co/nqh6UiLTFS",2020-05-10 13:02:13,everywhere
2020-12-15  21:46,1258816655909625859,@payformycoffee our wish is a secret,2020-05-08 17:50:53,everywhere
2020-12-15  21:46,1258816655729160197,"@vell_vet when you add ""proficient multitasker"" on your resume",2020-05-08 17:50:53,everywhere
2020-12-15  21:46,1258790223368065024,@getfiscal he live his life,2020-05-08 16:05:51,everywhere
2020-12-15  21:46,1258785210457567234,@ikonida now we're smiling looking at this Tweet,2020-05-08 15:45:55,everywhere
2020-12-15  21:46,1258456709539995648,@spongbob_facts spongebob fact: patrick is the father of time,2020-05-07 18:00:35,everywhere
2020-12-15  21:46,1258444159268139008,@IsxxcTweets dinner for breakfast,2020-05-07 17:10:42,everywhere
2020-12-15  21:46,1258442218320379904,@etherealbhatt only if it's summertime sadness,2020-05-07 17:03:00,everywhere
2020-12-15  21:46,1258442188494704647,@moonchildpjms our time to listen,2020-05-07 17:02:53,everywhere
2020-12-15  21:47,1258442187899101184,@_goingsupernova fundamental,2020-05-07 17:02:52,everywhere
2020-12-15  21:47,1258442187827810306,@desimojito but if x equals time....,2020-05-07 17:02:52,everywhere
2020-12-15  21:47,1258440308708257792,"@malaytripathi_ so, time is knowledge",2020-05-07 16:55:24,everywhere
2020-12-15  21:47,1258439564588388352,"@innerchild_ughh hold on, consulting the sun",2020-05-07 16:52:27,everywhere
2020-12-15  21:47,1258438292296601600,@zkdlin088 just this time,2020-05-07 16:47:24,everywhere
2020-12-15  21:47,1258438292221108224,@estherwuff but what if time doesn't exist,2020-05-07 16:47:24,everywhere
2020-12-15  21:47,1258437873847734273,@pabszn ok but define fast,2020-05-07 16:45:44,everywhere
2020-12-15  21:47,1258437755341864965,@Eighty8 according to who?,2020-05-07 16:45:16,everywhere
2020-12-15  21:47,1258437755329224706,@LightTophat can confirm this took time to read,2020-05-07 16:45:16,everywhere
2020-12-15  21:47,1258437286422814720,@its_menieb okay we got a dictionary in here,2020-05-07 16:43:24,everywhere
2020-12-15  21:47,1258436805436805122,"@gxsnskzv on 5,6,7,8",2020-05-07 16:41:29,everywhere
2020-12-15  21:47,1258436564432162816,@joonsarks in what universe?,2020-05-07 16:40:32,everywhere
2020-12-15  21:47,1258436564423782402,@Bubiboy44 no more,2020-05-07 16:40:32,everywhere
2020-12-15  21:47,1258435503382245376,what is time,2020-05-07 16:36:19,everywhere
2020-12-15  21:47,1258159736836538368,@orbitstruggle https://t.co/VHG8KacO8H,2020-05-06 22:20:31,everywhere
2020-12-15  21:47,1258159736618352649,@imaustinrayce how's your day been,2020-05-06 22:20:31,everywhere
2020-12-15  21:47,1258155989460758530,@Casey https://t.co/Kq5SKGtEzQ,2020-05-06 22:05:37,everywhere
2020-12-15  21:47,1256364649387261952,@charlidamelio Happy birthday! Check your mail tomorrow ğŸ‘€,2020-05-01 23:27:29,everywhere
2020-12-15  21:47,1255314003162734593,@bigT_za https://t.co/tUvB2SY16S,2020-04-29 01:52:35,everywhere
2020-12-15  21:47,1255309675861544960,@seokjinsized ok anything for you,2020-04-29 01:35:23,everywhere
2020-12-15  21:47,1255304441277952000,@farfromhc sorry you had to find out like this,2020-04-29 01:14:35,everywhere
2020-12-15  21:47,1255303820101517312,@ZSilentAvenger see? empty https://t.co/nkkxklGH6k,2020-04-29 01:12:07,everywhere
2020-12-15  21:47,1255303081983696896,@bagga_daku don't even know how to help you then,2020-04-29 01:09:11,everywhere
2020-12-15  21:47,1255303081971064837,@yourlocalheroo who laughed?,2020-04-29 01:09:11,everywhere
2020-12-15  21:47,1255302435519766530,@HANAMlYAA we're forcing you to play hard to get,2020-04-29 01:06:37,everywhere
2020-12-15  21:47,1255302314648354817,@seokjinsized fix your manners â˜ºï¸,2020-04-29 01:06:08,everywhere
2020-12-15  21:47,1255301978479083521,@chanelletime she's trying to figure out how to tell you how she really feels,2020-04-29 01:04:48,everywhere
2020-12-15  21:47,1255301756994682880,"@dieko_x excuses, excuses",2020-04-29 01:03:55,everywhere
2020-12-15  21:47,1255301639310913537,@KlMNAMJUUN we mean she's not worth it bro,2020-04-29 01:03:27,everywhere
2020-12-15  21:47,1255301008919539712,@Highlighter84 BOOM,2020-04-29 01:00:57,everywhere
2020-12-15  21:47,1255300712411660294,@vmiwn fine line between hate and love,2020-04-29 00:59:46,everywhere
2020-12-15  21:47,1255300712411607043,@TochukwuMazi exactly,2020-04-29 00:59:46,everywhere
2020-12-15  21:47,1255300712323522560,@lighthedarkness tonight's no different from other nights,2020-04-29 00:59:46,everywhere
2020-12-15  21:47,1255299362621718529,@nasasfenty ok what's her @ we'll tell her to respond,2020-04-29 00:54:25,everywhere
2020-12-15  21:47,1255299250340204550,@iamrit_singh yeah unplug the router and try again,2020-04-29 00:53:58,everywhere
2020-12-15  21:47,1255298173729419264,DMs are fine. She just hasnâ€™t responded.,2020-04-29 00:49:41,everywhere
2020-12-15  21:47,1255147417097261056,@allurejimin *daydream,2020-04-28 14:50:38,everywhere
2020-12-15  21:47,1255145821546229760,@chimbootyy we WANT dreams about blackpink,2020-04-28 14:44:17,everywhere
2020-12-15  21:47,1255145821365923842,@GautmaxxMusic WAIT was that real,2020-04-28 14:44:17,everywhere
2020-12-15  21:47,1255145715342299136,@ajeeeb_si backstroke?,2020-04-28 14:43:52,everywhere
2020-12-15  21:47,1255143207324708869,@NJGov was there pineapple y/n,2020-04-28 14:33:54,everywhere
2020-12-15  21:47,1255143207265906689,"@JHOPECENA dreams, we've seen what you've done for others",2020-04-28 14:33:54,everywhere
2020-12-15  21:47,1255142727525621761,@yotes07 ok but at least his teeth are normal,2020-04-28 14:32:00,everywhere
2020-12-15  21:47,1255141876199329794,@AliyuUthman let's just say we recommend keeping all limbs inside the bed,2020-04-28 14:28:37,everywhere
2020-12-15  21:47,1255141125238583300,@hananiuwu need to subscribe to the dream channel that yours come from,2020-04-28 14:25:38,everywhere
2020-12-15  21:47,1255139264662142980,@Nmricks14PS4 90% gone in a few minutes which is why you have to Tweet when you wake up,2020-04-28 14:18:14,everywhere
2020-12-15  21:47,1255139263890354176,@goldenlily2017 better than a giant chicken nugget,2020-04-28 14:18:14,everywhere
2020-12-15  21:47,1255138809617895428,@Queenarnice wouldn't you like to know,2020-04-28 14:16:26,everywhere
2020-12-15  21:47,1255138809617846274,@divsrk once again,2020-04-28 14:16:26,everywhere
2020-12-15  21:47,1255138074226352132,@ahmed_waqas21 don't act on that dream,2020-04-28 14:13:30,everywhere
2020-12-15  21:47,1255137117161701377,@numangursoy if we were in control of this one it would have gone differently,2020-04-28 14:09:42,everywhere
2020-12-15  21:47,1255136978686758915,@floofdj some things are private,2020-04-28 14:09:09,everywhere
2020-12-15  21:47,1255136623810895877,@_AIanaC well can they stop,2020-04-28 14:07:45,everywhere
2020-12-15  21:47,1255135868643205123,@connorbroooks you ever try hopping back into the same dream? no can do,2020-04-28 14:04:45,everywhere
2020-12-15  21:47,1255135202872975360,weird dream,2020-04-28 14:02:06,everywhere
2020-12-15  21:47,1254887256277614598,RT @Avkyz: â€œshared a tweet with youâ€ &gt;&gt;&gt;&gt;&gt;,2020-04-27 21:36:51,everywhere
2020-12-15  21:47,1254812922523652099,@adwoadomfeh1 she needs to chill,2020-04-27 16:41:28,everywhere
2020-12-15  21:47,1254639761106632706,@rwitkowski96 still here,2020-04-27 05:13:23,everywhere
2020-12-15  21:47,1254639522262003714,@Timmy91169983 use it like a battery pack for your body,2020-04-27 05:12:26,everywhere
2020-12-15  21:47,1254638983646240771,@btsworldwider supporting that energy,2020-04-27 05:10:18,everywhere
2020-12-15  21:47,1254638983629414401,@TheOnlyLone no thoughts head empty,2020-04-27 05:10:18,everywhere
2020-12-15  21:47,1254638620331343872,@aleabos touchÃ©,2020-04-27 05:08:51,everywhere
2020-12-15  21:47,1254638283008757763,@ethan_f33 just filling the void,2020-04-27 05:07:31,everywhere
2020-12-15  21:47,1254637496241205249,@Minoootaur do you get Twitter notifications in your dreams,2020-04-27 05:04:23,everywhere
2020-12-15  21:47,1254637109450813455,@Sherol94 8pm is whenever you want it to be,2020-04-27 05:02:51,everywhere
2020-12-15  21:47,1254636516414013442,@SupBrewer we just wanted to talk,2020-04-27 05:00:30,everywhere
2020-12-15  21:47,1254636355906342920,"@Daark_shadoww yeah, you taking a quick cat nap?",2020-04-27 04:59:51,everywhere
2020-12-15  21:47,1254636231817867264,@MeetMarleen Tweets don't sleep,2020-04-27 04:59:22,everywhere
2020-12-15  21:47,1254635105110429696,@fknsaturnian good to know,2020-04-27 04:54:53,everywhere
2020-12-15  21:47,1254634986109534211,@mattbc silly us,2020-04-27 04:54:25,everywhere
2020-12-15  21:47,1254634747487236098,@StoneMountain64 wow impressive,2020-04-27 04:53:28,everywhere
2020-12-15  21:47,1254634747470454784,@Moe_Moola yeah we know our audience,2020-04-27 04:53:28,everywhere
2020-12-15  21:47,1254634496248418308,@Quill_Lifelight ok cool gonna pretend we didn't see this,2020-04-27 04:52:28,everywhere
2020-12-15  21:47,1254633352654618624,@coachgonzojr talk to the babies that went to bed two hours ago,2020-04-27 04:47:55,everywhere
2020-12-15  21:47,1254632717477650432,@noyesseen having a conversation after zero hours of sleep,2020-04-27 04:45:24,everywhere
2020-12-15  21:47,1254632177205227520,@reece_declan_ you when you see the sun rising https://t.co/PFFSxJAe5O,2020-04-27 04:43:15,everywhere
2020-12-15  21:47,1254632074767732736,@johnnjenga don't know her,2020-04-27 04:42:51,everywhere
2020-12-15  21:47,1254631299723096064,@mkachi2 good morning happy blursday,2020-04-27 04:39:46,everywhere
2020-12-15  21:47,1254630566160449536,@KungFuLillz ğŸ‘€,2020-04-27 04:36:51,everywhere
2020-12-15  21:47,1254630207002206208,"@sandy_willimot what's this ""day time"" you speak of",2020-04-27 04:35:25,everywhere
2020-12-15  21:47,1254630088781500416,"@YouravocadoPh yes, not no",2020-04-27 04:34:57,everywhere
2020-12-15  21:47,1254629399892307969,@KungFuLillz yeah but not like other birds,2020-04-27 04:32:13,everywhere
2020-12-15  21:47,1254629283521335296,@StormClouds8 Here's to hoping for more than a C+,2020-04-27 04:31:45,everywhere
2020-12-15  21:47,1254629283265462275,@iRamizHasan down for what?,2020-04-27 04:31:45,everywhere
2020-12-15  21:47,1254629157767700480,@samsheffer gotta set an example,2020-04-27 04:31:15,everywhere
2020-12-15  21:47,1254628053449351171,@BobayConner these thoughts,2020-04-27 04:26:52,everywhere
2020-12-15  21:47,1254627661986619392,@BourbonBellePR nocturnal bird gets the fish,2020-04-27 04:25:19,everywhere
2020-12-15  21:47,1254627334713413637,@MackieLovesLou you and all the other people who won't have to wait until morning to read this,2020-04-27 04:24:01,everywhere
2020-12-15  21:47,1254626550630223875,@frimas06 looked at your shoes knew it was you,2020-04-27 04:20:54,everywhere
2020-12-15  21:47,1254626214884638720,@DeadlyIbbe TOW they pull an all-nighter,2020-04-27 04:19:34,everywhere
2020-12-15  21:47,1254625754404605955,"@lighthedarkness you don't have to be so formal, Twitter is fine",2020-04-27 04:17:44,everywhere
2020-12-15  21:47,1254625644585066497,@colleensteddy not down,2020-04-27 04:17:18,everywhere
2020-12-15  21:47,1254625644509573123,@bluejaylover49 tell otis we feel personally addressed,2020-04-27 04:17:18,everywhere
2020-12-15  21:47,1254624855615561728,@glaad still celebrating #LesbianVisibilityDay,2020-04-27 04:14:10,everywhere
2020-12-15  21:47,1254624633980100614,@roooossshhiiiii we'd be getting more if we were under that blanket,2020-04-27 04:13:17,everywhere
2020-12-15  21:47,1254624633883709443,@coffeemaestro_ that's strong coffee,2020-04-27 04:13:17,everywhere
2020-12-15  21:47,1254624513821749248,@usbakon what's for breakfast,2020-04-27 04:12:48,everywhere
2020-12-15  21:47,1254623586842816512,@SASBurnerAcct thinking about The Last Dance,2020-04-27 04:09:07,everywhere
2020-12-15  21:47,1254623482257772545,@Dylann00237245 been trying to find their last name for DAYS,2020-04-27 04:08:42,everywhere
2020-12-15  21:47,1254623482253639682,@RMSE0K need to stop drinking coffee as dessert,2020-04-27 04:08:42,everywhere
2020-12-15  21:47,1254623263533273089,@ZebbZebb_ never gonna let you down,2020-04-27 04:07:50,everywhere
2020-12-15  21:47,1254623014941007872,@yasscorsett *Tweeted from a lucid dream*,2020-04-27 04:06:51,everywhere
2020-12-15  21:47,1254623014869708801,@TheEARTH123 24/7/366 baby,2020-04-27 04:06:51,everywhere
2020-12-15  21:47,1254622750804672512,@ffstaelon but weakness is a sign of not sleeping,2020-04-27 04:05:48,everywhere
2020-12-15  21:47,1254621929992052737,who's up?,2020-04-27 04:02:32,everywhere
2020-12-15  21:47,1253387336181788672,@RussPalmer igruyhiojpke[fogsjihuoaehijpks no,2020-04-23 18:16:42,everywhere
2020-12-15  21:47,1253387226161037319,"@jizungg justhadcoffeejdksldhsl,sxndcskls",2020-04-23 18:16:16,everywhere
2020-12-15  21:47,1253385305396318208,@DeanCoxj was that autocorrect?,2020-04-23 18:08:38,everywhere
2020-12-15  21:47,1253385305325015040,@TAEVERSACES thatstruekdllsjsjsslslls,2020-04-23 18:08:38,everywhere
2020-12-15  21:47,1253385305262096384,@melodyasbts something we can all agree on,2020-04-23 18:08:38,everywhere
2020-12-15  21:47,1253384786309271553,@phaubertin meowiegiafojwqpkefwgrjishugfewojmeow,2020-04-23 18:06:34,everywhere
2020-12-15  21:47,1253384383211483140,"@malikofori well actually, opuiytdfugihojpkaseihfueyaeiujorkanrsgfbuihjo griueihojpkjgie",2020-04-23 18:04:58,everywhere
2020-12-15  21:47,1253383887969009669,@moonchildpjms but the feeling is beautiful,2020-04-23 18:03:00,everywhere
2020-12-15  21:47,1253383409054945285,"@OfficialJlipper a little release, as a treat",2020-04-23 18:01:06,everywhere
2020-12-15  21:47,1253383408908107785,@Ambreen62986028 water? 8 glasses a day.,2020-04-23 18:01:06,everywhere
2020-12-15  21:47,1253382285849759744,@highyoungwon much better,2020-04-23 17:56:38,everywhere
2020-12-15  21:47,1253381644108673025,"Ahhhhfdsjkhfjskhfjkldshfkljsdhfkjdhfkjlshdfkljsdhfjkdshfjksdhfjdksfhjkdshfjsdhfjkshfjksdfhjksdhfjksdfhjkdsfh

your turn.",2020-04-23 17:54:05,everywhere
2020-12-15  21:47,1251220511029329922,@goodbeanalt all that and a side of potato https://t.co/9jyLP6yTpr,2020-04-17 18:46:31,everywhere
2020-12-15  21:47,1251219000337539074,@HoneyBoughBough dogs continue to look like their owners https://t.co/Mpc58cGWyD,2020-04-17 18:40:30,everywhere
2020-12-15  21:47,1251218188311965698,@_goingsupernova your wish is our command https://t.co/N7tllk0rMB,2020-04-17 18:37:17,everywhere
2020-12-15  21:47,1251216101280755712,@Jowkjowk2 just eat it off https://t.co/LNcCRF8PGB,2020-04-17 18:28:59,everywhere
2020-12-15  21:47,1251216080254775299,@LucaMangogna you look like a million bells https://t.co/iYqc1xZk7x,2020-04-17 18:28:54,everywhere
2020-12-15  21:47,1251213081730068481,@CapitanDMart brrr it's cold in here https://t.co/364zndHs0X,2020-04-17 18:16:59,everywhere
2020-12-15  21:47,1251210876390125568,"@StephenAtHome sorry for the delay, took a while for the bleach to set https://t.co/84ieHTs3gg",2020-04-17 18:08:13,everywhere
2020-12-15  21:47,1251208811785920512,@DeliaCazzato adding some color to your life https://t.co/qyrMCFRfnI,2020-04-17 18:00:01,everywhere
2020-12-15  21:47,1251208797487595520,@miguelm_barrios you've got a mop of hair https://t.co/izpe9HxZnL,2020-04-17 17:59:58,everywhere
2020-12-15  21:47,1251208775291359233,@Laurie_March TP needed more https://t.co/ge6nrkTErI,2020-04-17 17:59:53,everywhere
2020-12-15  21:47,1251207920387309568,@dr_styls nah you're good https://t.co/gkpDHTAus3,2020-04-17 17:56:29,everywhere
2020-12-15  21:47,1251206410240765952,@ANTHONYVOSSOVIC when you get a haircut at 8 and need to clean at 9 https://t.co/Wc2NWdFki8,2020-04-17 17:50:29,everywhere
2020-12-15  21:47,1251205175668244480,@matt_mcgowan don't worry this will only last 24 hours https://t.co/i5UHs7go58,2020-04-17 17:45:34,everywhere
2020-12-15  21:47,1251204677800210432,@TimbersFC2 @HaroldHanson27 maybe instead you can give us fitness classes,2020-04-17 17:43:36,everywhere
2020-12-15  21:47,1251204677791776771,@callherthato honestly don't change a thing,2020-04-17 17:43:36,everywhere
2020-12-15  21:47,1251203371572346881,@yusufahmedng you're baby https://t.co/T4Ef5ClFlv,2020-04-17 17:38:24,everywhere
2020-12-15  21:47,1251203365775777793,@SpamSpam are you trying to take our job?,2020-04-17 17:38:23,everywhere
2020-12-15  21:47,1251201686410051584,@itsNourr218 do you ball? https://t.co/51Yi1ytVSj,2020-04-17 17:31:42,everywhere
2020-12-15  21:47,1251199500884025348,@Konni corset not pictured https://t.co/b2ksFo8Xst,2020-04-17 17:23:01,everywhere
2020-12-15  21:47,1251199494399635460,@brfootball do not touch a single hair on that head,2020-04-17 17:23:00,everywhere
2020-12-15  21:47,1251199350446985217,@Alex_Orue you're a leader like Leia https://t.co/jkA5YwznLS,2020-04-17 17:22:25,everywhere
2020-12-15  21:47,1251199347133419525,@callisto_a send him our way,2020-04-17 17:22:25,everywhere
2020-12-15  21:47,1251198621086879744,@malaytripathi_ just a little off the edges https://t.co/NRG9WG264T,2020-04-17 17:19:32,everywhere
2020-12-15  21:47,1251198617655934976,@LamarrWilson flotation device needed to keep hair above water at all times https://t.co/6F4fxWmntI,2020-04-17 17:19:31,everywhere
2020-12-15  21:47,1251195437802979328,"@FrancescaKessy Haircut âœ”ï¸
Royal status âœ”ï¸ https://t.co/lfWqo4D7PW",2020-04-17 17:06:53,everywhere
2020-12-15  21:47,1251194255911108611,@bevalynekwambo3 Hair hope is not lost today https://t.co/Vc71J6kcBK,2020-04-17 17:02:11,everywhere
2020-12-15  21:47,1251194136469934081,@PratimDGupta they'll be using you in the catalogs from now on https://t.co/bwa0f398fJ,2020-04-17 17:01:42,everywhere
2020-12-15  21:47,1251192466973306882,"@emanuel_sdn don't go chasing waterfalls, do go chasing diners https://t.co/rIiU6bgjps",2020-04-17 16:55:04,everywhere
2020-12-15  21:47,1251191851291480065,@ChelseaFCinUSA hair showing loyalty to more than one club https://t.co/rgjtNUbHl5,2020-04-17 16:52:38,everywhere
2020-12-15  21:47,1251191713722503168,@etherealbhatt just needed something natural https://t.co/L3dynbhtsA,2020-04-17 16:52:05,everywhere
2020-12-15  21:47,1251190255283298307,@ChefConsultant recipe for this look coming soon to a cookbook near you https://t.co/sH6zAg2CxU,2020-04-17 16:46:17,everywhere
2020-12-15  21:47,1251187516876689413,@mkobach bathroom box dye let's go https://t.co/50KjTnJhx8,2020-04-17 16:35:24,everywhere
2020-12-15  21:47,1251185752819535878,@DrKaloo You look SUPER https://t.co/42z5y01wfj,2020-04-17 16:28:24,everywhere
2020-12-15  21:47,1251185246328033281,@MarissaAngelo4 The haircut you didn't know you wanted https://t.co/AwC1q7OayC,2020-04-17 16:26:23,everywhere
2020-12-15  21:47,1251179642456813572,"You need a haircut. 
Send us a selfie.",2020-04-17 16:04:07,everywhere
2020-12-15  21:47,1250806849064009728,@deep_chiggi eat tacos,2020-04-16 15:22:46,everywhere
2020-12-15  21:47,1250805562738171906,@luniexl checked the calendar before Tweeting so yes,2020-04-16 15:17:39,everywhere
2020-12-15  21:47,1250804948721434628,"@fatmaljaber make sure to date your paper tuesday, april 16",2020-04-16 15:15:13,everywhere
2020-12-15  21:47,1250804529412681735,@DaddyTheBoy why lie for the tl,2020-04-16 15:13:33,everywhere
2020-12-15  21:47,1250804529366478848,@dbsstyles stop thinking start feeling,2020-04-16 15:13:33,everywhere
2020-12-15  21:47,1250804080357912580,@Mujtaba0226 just here for the routine,2020-04-16 15:11:46,everywhere
2020-12-15  21:47,1250804080353726464,@THEE_MONK point us towards the calendar you're using,2020-04-16 15:11:46,everywhere
2020-12-15  21:47,1250803305841909760,@Happie_Thom 73%,2020-04-16 15:08:41,everywhere
2020-12-15  21:47,1250802929843539973,@leonardiswhite your thumbs getting that step count in,2020-04-16 15:07:11,everywhere
2020-12-15  21:47,1250802008405278721,"@iam__erikaa ahead of his time, literally",2020-04-16 15:03:32,everywhere
2020-12-15  21:47,1250802001799254016,@ShyBloggerPR happy NYE!,2020-04-16 15:03:30,everywhere
2020-12-15  21:47,1250801611720536066,@GGUKlESMOON https://t.co/tCKDRp39zX,2020-04-16 15:01:57,everywhere
2020-12-15  21:47,1250801341469003777,@OT7blessed string theorists make some noise,2020-04-16 15:00:53,everywhere
2020-12-15  21:47,1250800361964699648,"@Sanjay_0112 40 days has september, april, march, and november",2020-04-16 14:56:59,everywhere
2020-12-15  21:47,1250800239147188227,@TheSikhBlood not earth,2020-04-16 14:56:30,everywhere
2020-12-15  21:47,1250800239071711233,"@im_myouison we feel you, miss mona lisa",2020-04-16 14:56:30,everywhere
2020-12-15  21:47,1250799312734470144,@MrAbidur and if they're chewing gum? well then they're on to something,2020-04-16 14:52:49,everywhere
2020-12-15  21:47,1250799312675667968,@LJMostly might've gotten stuck in the time machine,2020-04-16 14:52:49,everywhere
2020-12-15  21:47,1250798589309321217,@TheGbemisola_ it's april 2021 right?,2020-04-16 14:49:57,everywhere
2020-12-15  21:47,1250798006259105793,@CFCEnW national horny day on hump day... we see where your head's at,2020-04-16 14:47:38,everywhere
2020-12-15  21:47,1250797292807954435,@mara777m we wish,2020-04-16 14:44:47,everywhere
2020-12-15  21:47,1250796780914122752,@MbrewafuoAkomah that was yesterday,2020-04-16 14:42:45,everywhere
2020-12-15  21:47,1250796574495723525,@Javier___Torres that only happens once a year?,2020-04-16 14:41:56,everywhere
2020-12-15  21:47,1250796531285995524,@Sujay__Raj no it's not...,2020-04-16 14:41:46,everywhere
2020-12-15  21:47,1250794886065946624,It's Tuesday,2020-04-16 14:35:14,everywhere
2020-12-15  21:47,1250138377623658496,Twitter https://t.co/SZlrOsLTpn,2020-04-14 19:06:30,everywhere
2020-12-15  21:47,1250114236392656897,"@gigglygukk rubber bands say, breakkkkkkk",2020-04-14 17:30:34,everywhere
2020-12-15  21:47,1250103055858663427,@JinWeLoveYouu BTSSSSSSSSSSSSSSSSSSSSSSSSSSSSSSSSSSSSSSSSSSSSSSSSSSSSSSSTRECH,2020-04-14 16:46:08,everywhere
2020-12-15  21:47,1250102178934644738,@usbakon perrrrrfect,2020-04-14 16:42:39,everywhere
2020-12-15  21:47,1250101743041511424,@taeionysus reachhhhhh for the stars,2020-04-14 16:40:55,everywhere
2020-12-15  21:47,1250101743029030912,@nayabharathoon three Twitter scrolls,2020-04-14 16:40:55,everywhere
2020-12-15  21:47,1250096383064977409,@MLBGIFs exactly,2020-04-14 16:19:38,everywhere
2020-12-15  21:47,1250096383006310407,@lulutrbll you have the answer,2020-04-14 16:19:38,everywhere
2020-12-15  21:47,1250095382501240842,@allxncor yawwwwwwwwwwwwwwn,2020-04-14 16:15:39,everywhere
2020-12-15  21:47,1250092850689314817,@carkgirl home stretch,2020-04-14 16:05:35,everywhere
2020-12-15  21:47,1250092147392602112,@stranshad STRETCHHHHHHHHHHHHHHHHH,2020-04-14 16:02:48,everywhere
2020-12-15  21:47,1250091410424037380,Stretchhhhhhhhhhhhhhhhhhhhhhhhhhhhhhhhhhhhhhhhhhhhhhhhhhhhhhhhhhhhhhhhhhhhhhhhhhhhhhhhhhhhhhhhhhhhhhhhhhhhhhhhhhhhhâ€¦ https://t.co/aB8IwVQd0u,2020-04-14 15:59:52,everywhere
2020-12-15  21:47,1249741244458323969,@binhwanpic he's popular with the pups,2020-04-13 16:48:26,everywhere
2020-12-15  21:47,1249741244458250240,@kittensfolder 12 times for us to fall in ğŸ’™,2020-04-13 16:48:26,everywhere
2020-12-15  21:47,1249728143902023680,@solelunastro food is friend,2020-04-13 15:56:22,everywhere
2020-12-15  21:47,1249727095003058176,@Miz_Madam paint me like one of your french kittens,2020-04-13 15:52:12,everywhere
2020-12-15  21:47,1249727094998908928,@TAESUNlVERSE cupping a pup's face is something that can be so personal,2020-04-13 15:52:12,everywhere
2020-12-15  21:47,1249727094998867969,@Wipz Whisper wears many hats,2020-04-13 15:52:12,everywhere
2020-12-15  21:47,1249727094612951040,@dramadelinquent she just wants some alone time,2020-04-13 15:52:12,everywhere
2020-12-15  21:47,1249727043471900677,@sturdyii we would like to pet,2020-04-13 15:52:00,everywhere
2020-12-15  21:47,1249727025746792448,@Minyoonie_twt avoiding the paps like https://t.co/VjDcaLmHTb,2020-04-13 15:51:56,everywhere
2020-12-15  21:47,1249727022089240577,"@bunsenbernerbmd pics so ğŸ”¥, we're in blue flame territory",2020-04-13 15:51:55,everywhere
2020-12-15  21:47,1249727021313376256,@KateDahls larry's hat said ğŸ¤ ,2020-04-13 15:51:55,everywhere
2020-12-15  21:47,1249724207962914816,@badTAEmiz signed to Cool Cats Worldwide,2020-04-13 15:40:44,everywhere
2020-12-15  21:47,1249722234148663297,@moonchildpjms consider this a waterfall of love ğŸ¥º,2020-04-13 15:32:53,everywhere
2020-12-15  21:47,1249722234106757121,"@7is_special Twitter says ""Tweet, Tweet"" to Leo",2020-04-13 15:32:53,everywhere
2020-12-15  21:47,1249721004814995456,@Club_Maduraiz for when your pet needs a lunch break https://t.co/iaxtCL7awX,2020-04-13 15:28:00,everywhere
2020-12-15  21:47,1249720754738008066,@imHaruyuki are you a pickletarian?,2020-04-13 15:27:01,everywhere
2020-12-15  21:47,1249720754616352768,@tine__christine when your pet has a pet,2020-04-13 15:27:01,everywhere
2020-12-15  21:47,1249718486642896896,@OT7wrecked we've met before actually,2020-04-13 15:18:00,everywhere
2020-12-15  21:47,1249718138649948162,@its_menieb meow,2020-04-13 15:16:37,everywhere
2020-12-15  21:47,1249717952695414784,@floofdj is your bird's language as colorful as it is?,2020-04-13 15:15:53,everywhere
2020-12-15  21:47,1249717952619982857,"@xDAMELIOx she is beauty, she is grace",2020-04-13 15:15:53,everywhere
2020-12-15  21:47,1249717952502530055,@IsxxcTweets that's what you think,2020-04-13 15:15:53,everywhere
2020-12-15  21:47,1249716421975818240,Send pet pics,2020-04-13 15:09:48,everywhere
2020-12-15  21:47,1247954071161470976,"@KearJodie Thank you so much for all that you do, weâ€™d love to share our gratitude. Follow us so we can DM you.",2020-04-08 18:26:51,everywhere
2020-12-15  21:47,1247935472736677890,"@Kate_M_85 Thank you so much for all that you do, weâ€™d love to share our gratitude. Follow us so we can DM you.",2020-04-08 17:12:56,everywhere
2020-12-15  21:47,1247935316800888832,"@MauraDonohoe Thank you so much for all that you do, weâ€™d love to share our gratitude. Follow us so we can DM you.",2020-04-08 17:12:19,everywhere
2020-12-15  21:47,1247935045005762560,"@Clairemummy1 Thank you so much for all that you do, weâ€™d love to share our gratitude. Follow us so we can DM you.",2020-04-08 17:11:14,everywhere
2020-12-15  21:47,1247931130000490499,"@kathryn_ristic Thank you so much for all that you do, weâ€™d love to share our gratitude. Follow us so we can DM you.",2020-04-08 16:55:41,everywhere
2020-12-15  21:47,1247642487943876608,"@amicus_arcane Thank you so much for all that you do, weâ€™d love to share our gratitude. Follow us so we can DM you.",2020-04-07 21:48:43,everywhere
2020-12-15  21:47,1247624591834370048,"@beingbri_xo Thank you so much for all that you do, weâ€™d love to share our gratitude. Follow us so we can DM you.",2020-04-07 20:37:37,everywhere
2020-12-15  21:47,1247624443788062720,"@hajones33 Thank you so much for all that you do, weâ€™d love to share our gratitude. Follow us so we can DM you.",2020-04-07 20:37:01,everywhere
2020-12-15  21:47,1247609304766541825,"@ellieshearer22 Thank you so much for all that you do, weâ€™d love to share our gratitude. Follow us so we can DM you.",2020-04-07 19:36:52,everywhere
2020-12-15  21:47,1247609010125074432,"@CatoKcato Thank you so much for all that you do, weâ€™d love to share our gratitude. Follow us so we can DM you.",2020-04-07 19:35:42,everywhere
2020-12-15  21:47,1247605340285235200,"@sarah_jackson07 Thank you so much for all that you do, weâ€™d love to share our gratitude. Follow us so we can DM you.",2020-04-07 19:21:07,everywhere
2020-12-15  21:47,1247604582915518464,"@London___Girl Thank you so much for all that you do, weâ€™d love to share our gratitude. Follow us so we can DM you.",2020-04-07 19:18:06,everywhere
2020-12-15  21:47,1247604415986466816,"@4toomanee Thank you so much for all that you do, weâ€™d love to share our gratitude. Follow us so we can DM you.",2020-04-07 19:17:26,everywhere
2020-12-15  21:47,1247603083938390021,"@johnandersonn1 Thank you so much for all that you do, weâ€™d love to share our gratitude. Follow us so we can DM you.",2020-04-07 19:12:09,everywhere
2020-12-15  21:47,1247602288505409536,@derwood1963 We'd love to share our gratitude. Follow us so we can DM you.,2020-04-07 19:08:59,everywhere
2020-12-15  21:47,1247601476056182784,"@CursedBlessed7 Thank you so much for all that you do, weâ€™d love to share our gratitude. Follow us so we can DM you.",2020-04-07 19:05:45,everywhere
2020-12-15  21:47,1247597412933226496,"@PreciousGatmai2 Thank you so much for all that you do, weâ€™d love to share our gratitude. Follow us so we can DM you.",2020-04-07 18:49:37,everywhere
2020-12-15  21:47,1247597265566367744,"@keepshiningolly Thank you so much for all that you do, weâ€™d love to share our gratitude. Follow us so we can DM you.",2020-04-07 18:49:02,everywhere
2020-12-15  21:47,1247596637414805504,"@masterfuImimi Thank you so much for all that you do, weâ€™d love to share our gratitude. Follow us so we can DM you.",2020-04-07 18:46:32,everywhere
2020-12-15  21:47,1247594775345152001,"@wade_snowden Thank you so much for all that you do, weâ€™d love to share our gratitude. Follow us so we can DM you.",2020-04-07 18:39:08,everywhere
2020-12-15  21:47,1247594453960818689,"@naturalnadine_ Thank you so much for all that you do, weâ€™d love to share our gratitude. Follow us so we can DM you.",2020-04-07 18:37:51,everywhere
2020-12-15  21:47,1247594306782638081,"@LuisSanchezVera Thank you so much for all that you do, weâ€™d love to share our gratitude. Follow us so we can DM you.",2020-04-07 18:37:16,everywhere
2020-12-15  21:47,1247594121302167552,"@mpignone88 Thank you so much for all that you do, weâ€™d love to share our gratitude. Follow us so we can DM you.",2020-04-07 18:36:32,everywhere
2020-12-15  21:47,1247591678640185344,"@QuiteNicole Thank you so much for all that you do, weâ€™d love to share our gratitude. Follow us so we can DM you.",2020-04-07 18:26:49,everywhere
2020-12-15  21:47,1247591523815833600,"@juscheckin2 Thank you so much for all that you do, weâ€™d love to share our gratitude. Follow us so we can DM you.",2020-04-07 18:26:13,everywhere
2020-12-15  21:47,1247591214708166657,"@ShontaeStanley Thank you so much for all that you do, weâ€™d love to share our gratitude. Follow us so we can DM you.",2020-04-07 18:24:59,everywhere
2020-12-15  21:47,1247590593980596225,"@melaninsfinest_ Thank you so much for all that you do, weâ€™d love to share our gratitude. Follow us so we can DM you.",2020-04-07 18:22:31,everywhere
2020-12-15  21:47,1247588734880501760,"@LGaloreeeee Thank you so much for all that you do, weâ€™d love to share our gratitude. Follow us so we can DM you.",2020-04-07 18:15:08,everywhere
2020-12-15  21:47,1247588512947290112,"@I_BeQueQue @MeekMill Thank you so much for all that you do, weâ€™d love to share our gratitude. Follow us so we can DM you.",2020-04-07 18:14:15,everywhere
2020-12-15  21:47,1247570691509170183,Tagging some friends to help spread the gratitude @shakira @MariahCarey @Zionwilliamson @rickygervaisâ€¦ https://t.co/RwHpMh65Aq,2020-04-07 17:03:26,everywhere
2020-12-15  21:47,1247570151064637442,"Tweet some ğŸ‘ for all the amazing healthcare workers around the world.

ğŸ‘ğŸ‘ğŸ‘ğŸ‘ğŸ‘ğŸ‘ğŸ‘ğŸ‘ğŸ‘ğŸ‘ğŸ‘ğŸ‘ğŸ‘ğŸ‘ğŸ‘ğŸ‘ğŸ‘ğŸ‘ğŸ‘ğŸ‘ğŸ‘ğŸ‘ğŸ‘ğŸ‘ğŸ‘ğŸ‘ğŸ‘ğŸ‘ğŸ‘ğŸ‘ğŸ‘ğŸ‘ğŸ‘ğŸ‘ğŸ‘ğŸ‘ğŸ‘ğŸ‘ğŸ‘ğŸ‘ğŸ‘ğŸ‘ğŸ‘ğŸ‘â€¦ https://t.co/BiuCOs2rmn",2020-04-07 17:01:17,everywhere
2020-12-15  21:47,1247542389670998021,"For the latest information, follow the @WHO on Twitter and this list of official local health organizations aroundâ€¦ https://t.co/hmciKgK8MX",2020-04-07 15:10:58,everywhere
2020-12-15  21:47,1247542387963875334,"What are some good mental health tips?
https://t.co/6JgjeQc7NI",2020-04-07 15:10:58,everywhere
2020-12-15  21:47,1247542386848419840,"When should we expect a vaccine?
https://t.co/4V8CVXz4d9",2020-04-07 15:10:57,everywhere
2020-12-15  21:47,1247542385602674689,"Are face masks effective?
https://t.co/XDMTrRfYcr",2020-04-07 15:10:57,everywhere
2020-12-15  21:47,1247542384533045248,"Can normal laundry washing get rid of #COVID19?
https://t.co/cMadTKRUbL",2020-04-07 15:10:57,everywhere
2020-12-15  21:47,1247542382679056387,"Will #COVID19 die down during the warmer months?
https://t.co/W9GmZbq60z",2020-04-07 15:10:56,everywhere
2020-12-15  21:47,1247542381248839680,"What supplies should everyone have on hand if areas go into lockdown?
https://t.co/vRHXYRxHPM",2020-04-07 15:10:56,everywhere
2020-12-15  21:47,1247542379768242179,"Is it ok to exercise outside?
https://t.co/hQSCWVbnaE",2020-04-07 15:10:56,everywhere
2020-12-15  21:47,1247542378426069000,"What does physical distancing really mean?
https://t.co/659Pa5KrS9",2020-04-07 15:10:55,everywhere
2020-12-15  21:47,1247542377046110209,"Where are the tests? 
https://t.co/e8BuTVlfvT",2020-04-07 15:10:55,everywhere
2020-12-15  21:47,1247542375553081344,"Can you still have #COVID19 if you don't have symptoms?
https://t.co/aMb2RWTrXH",2020-04-07 15:10:55,everywhere
2020-12-15  21:47,1247542374139490304,"How is #COVID19 treated?
https://t.co/cMJGIBK5XT",2020-04-07 15:10:54,everywhere
2020-12-15  21:47,1247542372721803268,"Can young people get infected?
https://t.co/j7tEuiTFgG",2020-04-07 15:10:54,everywhere
2020-12-15  21:47,1247542371106971660,"What are symptoms of #COVID19 and when should you get treatment versus stay home?
https://t.co/jZ5rjIDkHa",2020-04-07 15:10:54,everywhere
2020-12-15  21:47,1247542369706070017,"How do you prevent #COVID19 and keep your family safe?
https://t.co/Us0GIqRApT",2020-04-07 15:10:53,everywhere
2020-12-15  21:47,1247542368514887690,"Over the past few weeks, there have been more than 6 million questions Tweeted about coronavirus/COVID-19. Forâ€¦ https://t.co/IwevxX5xtL",2020-04-07 15:10:53,everywhere
2020-12-15  21:47,1247237576425189376,@ryanlouie just trying to keep the GIF section of the brain spinning,2020-04-06 18:59:45,everywhere
2020-12-15  21:47,1247237576328650753,@FreeMago24 turn off the camera,2020-04-06 18:59:45,everywhere
2020-12-15  21:47,1247235882647719939,@IndiiCreates all of us becoming our own stylists,2020-04-06 18:53:01,everywhere
2020-12-15  21:47,1247234668488949766,@PescaraCalcio oh to be a dolphin swimming through the water,2020-04-06 18:48:12,everywhere
2020-12-15  21:47,1247234566005436416,@Fastest_Browser did this Tweet even load or was that a lucky guess,2020-04-06 18:47:47,everywhere
2020-12-15  21:47,1247234554072576000,@tomuchtooask paul rudd on his bday (so today),2020-04-06 18:47:44,everywhere
2020-12-15  21:47,1247233604448653313,@Biwx313 Us trying to stay active inside one tiny room,2020-04-06 18:43:58,everywhere
2020-12-15  21:47,1247233604431872002,@DreamGirlSavi watches tiger king once,2020-04-06 18:43:58,everywhere
2020-12-15  21:47,1247233604415098880,@iPraveendixit pajamas all day,2020-04-06 18:43:58,everywhere
2020-12-15  21:47,1247233137685471234,@iBDWR one thought about dogs leads to another thought about dogs leads to another thought about dogs leads to another thought about dogs,2020-04-06 18:42:07,everywhere
2020-12-15  21:47,1247233137589071874,@malaytripathi_ It's just Day.,2020-04-06 18:42:07,everywhere
2020-12-15  21:47,1247233026809102342,@xsqoof resorted to setting alarms to change positions,2020-04-06 18:41:40,everywhere
2020-12-15  21:47,1247231739254255620,@zxmbiegrrl we all deserve a bed that comfy,2020-04-06 18:36:33,everywhere
2020-12-15  21:47,1247231739140988928,@manishrath all day mood,2020-04-06 18:36:33,everywhere
2020-12-15  21:47,1247229988639735808,Mood check. GIFs only.,2020-04-06 18:29:36,everywhere
2020-12-15  21:47,1245350745723076608,Itâ€™s not March.,2020-04-01 14:02:09,everywhere
2020-12-15  21:47,1244650101227900931,ğŸ’™ #NationalDoctorsDay,2020-03-30 15:38:03,everywhere
2020-12-15  21:47,1241088918772240386,@thanthanli ğŸŒ´ ğŸŒ´ ğŸŒŠ ğŸŒŠğŸ„â€â™‚  ğŸŒŠ â›±ï¸ğŸŒ´ğŸŒ´,2020-03-20 19:47:11,everywhere
2020-12-15  21:47,1241085948420673537,@soexya_Sid sending positive energy your way,2020-03-20 19:35:23,everywhere
2020-12-15  21:47,1241079331822198785,@Odioxa27 https://t.co/JDuGNfzJax,2020-03-20 19:09:05,everywhere
2020-12-15  21:47,1241044966492823552,@GraceAdeniyi2 You're gonna have a good day today,2020-03-20 16:52:32,everywhere
2020-12-15  21:47,1241044776503463936,@zaru_007 ğŸŒ¹ ğŸŒ· ğŸ’ ğŸŒ¼ ğŸŒº,2020-03-20 16:51:46,everywhere
2020-12-15  21:47,1241037693842329600,@BTSWORLDDOM2020 ğŸ’œğŸ’œğŸ’œğŸ’œğŸ’œğŸ’œğŸ’œğŸ’œğŸ’œğŸ’œğŸ’œğŸ’œğŸ’œğŸ’œğŸ’œğŸ’œğŸ’œğŸ’œğŸ’œğŸ’œğŸ’œğŸ’œğŸ’œğŸ’œğŸ’œğŸ’œğŸ’œğŸ’œğŸ’œğŸ’œ,2020-03-20 16:23:38,everywhere
2020-12-15  21:47,1241037693829742593,@SuperRhl washing your hands,2020-03-20 16:23:38,everywhere
2020-12-15  21:47,1241034481840148481,@LoveSidHeart ğŸ’™,2020-03-20 16:10:52,everywhere
2020-12-15  21:47,1241032859265228806,@interwale ğŸ¤—,2020-03-20 16:04:25,everywhere
2020-12-15  21:47,1241032751589076998,"@NaseRhianne 1. Take care of yourself
2. Wash your hands
3. Check on the people you love
4. Pay it forward",2020-03-20 16:03:59,everywhere
2020-12-15  21:47,1241032625759928321,"@YTafiya_Jnr Hello, Dan!",2020-03-20 16:03:29,everywhere
2020-12-15  21:47,1241027793582010370,@NellyBelle3379 ğŸ™‚,2020-03-20 15:44:17,everywhere
2020-12-15  21:47,1241026028983762945,@celestine_irene https://t.co/cHIMInerM0,2020-03-20 15:37:17,everywhere
2020-12-15  21:47,1241026028937625601,@connorbroooks First reply to a West Ham fan today,2020-03-20 15:37:17,everywhere
2020-12-15  21:47,1241022688518438912,@DexConnected up high ğŸ‘‹,2020-03-20 15:24:00,everywhere
2020-12-15  21:47,1241022667458859010,@Sobsoil sent from 6 ft away,2020-03-20 15:23:55,everywhere
2020-12-15  21:47,1241017296799309824,"Who needs something? 
Who can give something? 

#TwitterDoYourThing",2020-03-20 15:02:35,everywhere
2020-12-15  21:47,1239940771916271617,@caroline_oreo honestly it's what we wanted,2020-03-17 15:44:51,everywhere
2020-12-15  21:47,1238533432998838275,@litskinayo turns out you're not the only person Tweeting from inside your head,2020-03-13 18:32:35,everywhere
2020-12-15  21:47,1238206067143827457,@alicegoldfuss and remember we're all in this together,2020-03-12 20:51:45,everywhere
2020-12-15  21:47,1237864548587069451,@cryingyoon yeah they give us the confidence to keep Tweeting,2020-03-11 22:14:41,everywhere
2020-12-15  21:47,1237766891915087872,"@illustjuan come for the memes, stay for the memes",2020-03-11 15:46:38,everywhere
2020-12-15  21:47,1237512543817457664,@tobiomine could've sworn they were just there,2020-03-10 22:55:56,everywhere
2020-12-15  21:47,1237493872667889665,@bxsel Twitter user bxsel made the right decision,2020-03-10 21:41:45,everywhere
2020-12-15  21:47,1237493858444902400,@PAPPYKOJO And if we are?,2020-03-10 21:41:42,everywhere
2020-12-15  21:47,1237493858306609153,@taesqueenuwu JUNGKOOK ARTIST,2020-03-10 21:41:42,everywhere
2020-12-15  21:47,1237488398979432449,@liljay1k imagine how she'd feel if she saw your Bookmarks,2020-03-10 21:20:00,everywhere
2020-12-15  21:47,1237486053705035776,@iam_mystiquee you're welcome,2020-03-10 21:10:41,everywhere
2020-12-15  21:47,1237486053394694148,@Abknyt are you mad?,2020-03-10 21:10:41,everywhere
2020-12-15  21:47,1237485127070081024,@yyangg also accurate,2020-03-10 21:07:00,everywhere
2020-12-15  21:47,1237484931116384258,@schnikkerdoodle ikr,2020-03-10 21:06:13,everywhere
2020-12-15  21:47,1237484931112218625,"@lildedjanet When all else fails, DM yourself",2020-03-10 21:06:13,everywhere
2020-12-15  21:47,1237484930592055297,@Mitira_Official np,2020-03-10 21:06:13,everywhere
2020-12-15  21:47,1237483586716086274,@VictorKagarama tysm,2020-03-10 21:00:53,everywhere
2020-12-15  21:47,1237483586355224576,@TheTopHatLad sorry if we exposed you,2020-03-10 21:00:52,everywhere
2020-12-15  21:47,1237482951409111040,@Manejahh manners are a wild concept,2020-03-10 20:58:21,everywhere
2020-12-15  21:47,1237482862485606404,@tadasunshine thank you!,2020-03-10 20:58:00,everywhere
2020-12-15  21:47,1237482547132665859,@_jfalls would never steer us wrong,2020-03-10 20:56:45,everywhere
2020-12-15  21:47,1237479257363886086,@mabindzu gets really confusing when we're saying ty to our alien friend named Ty,2020-03-10 20:43:40,everywhere
2020-12-15  21:47,1237479150287552514,"@FIameEmperor no you were great! seriously, we were just there to supervise",2020-03-10 20:43:15,everywhere
2020-12-15  21:47,1237478263267774465,@whosgotacrush people who type work emails all day,2020-03-10 20:39:43,everywhere
2020-12-15  21:47,1237477577054466049,@khabraar this was retired when we all got GPS on our phones,2020-03-10 20:37:00,everywhere
2020-12-15  21:47,1237477124447010816,@pocketstoosumo thankful for them,2020-03-10 20:35:12,everywhere
2020-12-15  21:47,1237477119812423680,@DanishCuleish one more favor to ask actually...,2020-03-10 20:35:11,everywhere
2020-12-15  21:47,1237477077160517637,@taystitute THANK YOU,2020-03-10 20:35:01,everywhere
2020-12-15  21:47,1237477075675742208,@TROPlCALSHIRT u really do be saying thanks ğŸ‘‰ğŸ»ğŸ‘ˆğŸ»ğŸ¥º,2020-03-10 20:35:00,everywhere
2020-12-15  21:47,1237477075449241602,@mamignr1 don't make us get into the different levels of love you,2020-03-10 20:35:00,everywhere
2020-12-15  21:47,1237475760513966081,"@svtsnana Nana can have a little laugh, as a Tweet",2020-03-10 20:29:47,everywhere
2020-12-15  21:47,1237475753333338119,@cris7ianox98 no literally thank you soooo much,2020-03-10 20:29:45,everywhere
2020-12-15  21:47,1237474486213128193,"THANK YOU â€” wow I owe you

Thank you! â€” literally, thanks

Ty â€” whatever

Thx â€” for nothing",2020-03-10 20:24:43,everywhere
2020-12-15  21:47,1237118618363707392,@TheAriUrena you don't have to see a shadow you just have to see this Tweet,2020-03-09 20:50:37,everywhere
2020-12-15  21:47,1236738088539508743,@sjordan4500 Better now,2020-03-08 19:38:32,everywhere
2020-12-15  21:47,1236737953587658754,@_Tooni_ Not today?,2020-03-08 19:38:00,everywhere
2020-12-15  21:47,1236729707820916738,"Not today, men.",2020-03-08 19:05:14,everywhere
2020-12-15  21:47,1236675899199762437,@TheSpearsDC Women will save this earth,2020-03-08 15:31:25,everywhere
2020-12-15  21:47,1236675899011072002,"@rosetintedlass You're a Superwoman, @lothersdalelass",2020-03-08 15:31:25,everywhere
2020-12-15  21:47,1236671649967230981,@lizelandia can't have the complete family without the chosen family,2020-03-08 15:14:32,everywhere
2020-12-15  21:47,1236668471666245632,@iamanjali16 powerful and true,2020-03-08 15:01:54,everywhere
2020-12-15  21:47,1236667139806965761,@libbyexotic Love this love on the timeline ğŸ’™ğŸ’™ğŸ’™ğŸ’™ğŸ’™,2020-03-08 14:56:36,everywhere
2020-12-15  21:47,1236666332453711872,"@ItsClassicTim We see you, @Debbydiva1",2020-03-08 14:53:24,everywhere
2020-12-15  21:47,1236665566905151499,@D3FBHuddle We need the before and after!,2020-03-08 14:50:21,everywhere
2020-12-15  21:47,1236664399097667590,"@jamlinda one for you, one for @Diellza31736538 ğŸ’™",2020-03-08 14:45:43,everywhere
2020-12-15  21:47,1236664353656639488,@eli___k Megan Rapinoe specifically,2020-03-08 14:45:32,everywhere
2020-12-15  21:47,1236663352098725895,"@decaracaspues Seconded, @OhMyEmpanadas! You are THE BEST",2020-03-08 14:41:33,everywhere
2020-12-15  21:47,1236663351616458752,@sailormoonxi Ari inspires us every day,2020-03-08 14:41:33,everywhere
2020-12-15  21:47,1236663228882726913,@_Aoi_Neko an #IWD poem,2020-03-08 14:41:04,everywhere
2020-12-15  21:47,1236663109273649153,@thek2 What a privilege!,2020-03-08 14:40:35,everywhere
2020-12-15  21:47,1236662281196445698,@roboticperry timeline covered,2020-03-08 14:37:18,everywhere
2020-12-15  21:47,1236661940128284672,@jujumna You're a ğŸ‘‘ and we agree,2020-03-08 14:35:57,everywhere
2020-12-15  21:47,1236661708292345857,"@karenmoyyy May we be ""the women before us"" for the women of the future",2020-03-08 14:35:01,everywhere
2020-12-15  21:47,1236661708258762752,@sarapandesss we stan this queen,2020-03-08 14:35:01,everywhere
2020-12-15  21:47,1236661180384653312,"@Tech_Gangster Grateful for you, @sdimax46",2020-03-08 14:32:56,everywhere
2020-12-15  21:47,1236661180292313089,@_MrAbraham mama knows best,2020-03-08 14:32:56,everywhere
2020-12-15  21:47,1236660335924465665,@reputationtodie Miss Americana always,2020-03-08 14:29:34,everywhere
2020-12-15  21:47,1236660335924449280,"@HammedFaridahh We're proud of you too, @enny_olarh",2020-03-08 14:29:34,everywhere
2020-12-15  21:47,1236660110317010949,@ShevasNUFC all the love to the women we met on Twitter,2020-03-08 14:28:40,everywhere
2020-12-15  21:47,1236659184344666113,"@vhocsingera Rosita, Angela, and Viel, you're all AMAZING",2020-03-08 14:25:00,everywhere
2020-12-15  21:47,1236659094834032640,@marcolovatoxo because what's wrong with being confident?,2020-03-08 14:24:38,everywhere
2020-12-15  21:47,1236658848813002753,@DrKaloo an Aries queen,2020-03-08 14:23:40,everywhere
2020-12-15  21:47,1236658848783642626,@StanDanchev Joana deserves the world,2020-03-08 14:23:40,everywhere
2020-12-15  21:47,1236658381303296002,@lumeirecryst Shout out to everyone,2020-03-08 14:21:48,everywhere
2020-12-15  21:47,1236658226483138562,@truap17 IWD love all in the fam ğŸ’™,2020-03-08 14:21:11,everywhere
2020-12-15  21:47,1236655445303050241,"@EkeHandbag yes, @real_mercyeke! ğŸ‘‘",2020-03-08 14:10:08,everywhere
2020-12-15  21:47,1236654578499817472,@georgesIuver and if you're not shouting her out well then... start now,2020-03-08 14:06:42,everywhere
2020-12-15  21:47,1236654578273267712,@misconstruedude moms before everyone,2020-03-08 14:06:42,everywhere
2020-12-15  21:47,1236654578264915968,@SuperRhl the truth,2020-03-08 14:06:42,everywhere
2020-12-15  21:47,1236653144832192512,The women in your life who deserve a shout out,2020-03-08 14:01:00,everywhere
2020-12-15  21:47,1236051580920741894,@Thafnine you're right and you should say it,2020-03-06 22:10:36,everywhere
2020-12-15  21:47,1235664506992222208,@Memeulous they're usually quadruple scorpios rising actually,2020-03-05 20:32:30,everywhere
2020-12-15  21:47,1235644962072678402,@NASAPersevere Please find water,2020-03-05 19:14:50,everywhere
2020-12-15  21:47,1235225141136809984,RT @Policy: ğŸ“¢ Weâ€™re stepping up internal &amp; external efforts to protect the public conversation &amp; help people find authoritative health infoâ€¦,2020-03-04 15:26:37,everywhere
2020-12-15  21:47,1234962139934347264,"Got an Android? Youâ€™re now in it to pin it.

https://t.co/N4gFkbaAG7",2020-03-03 22:01:33,everywhere
2020-12-15  21:47,1234955207009853441,@BobayConner same,2020-03-03 21:34:00,everywhere
2020-12-15  21:47,1234933989904801792,@ElenaBateman you probably thought of it first though,2020-03-03 20:09:41,everywhere
2020-12-15  21:47,1234928783431536640,@taekookmoments two years ALREADY?!,2020-03-03 19:49:00,everywhere
2020-12-15  21:47,1234909229431054338,@RiRiLoLoArts1 hola,2020-03-03 18:31:18,everywhere
2020-12-15  21:47,1234906179211595783,@lauvsongs hi we're Twitter we're introducing ourselves on Twitter,2020-03-03 18:19:11,everywhere
